DATE,Temperature,Ws,Rain,RH,FFMC,DMC,DC,ISI,BUI,FWI,Classes,Region,fire_label
2021-06-01,27,13,2.1,59,63.6,5.2,8.3,1.0,5.0,0.4,not fire,Bejaia,0
2021-06-02,24,10,0.3,72,55.1,4.1,7.7,0.5,4.0,0.2,not fire,Bejaia,0
2021-06-03,27,11,3.0,76,47.1,3.0,8.3,0.2,3.2,0.1,not fire,Bejaia,0
2021-06-04,28,9,1.0,70,52.3,3.1,8.4,0.3,3.2,0.1,not fire,Bejaia,0
2021-06-05,28,11,0.1,64,73.4,4.5,16.9,1.6,5.4,0.7,not fire,Bejaia,0
2021-06-06,22,14,0.5,89,58.3,3.4,24.3,0.7,5.4,0.3,not fire,Bejaia,0
2021-06-07,23,11,1.0,86,37.2,2.0,12.9,0.0,2.9,0.0,not fire,Bejaia,0
2021-06-08,25,11,0.0,72,67.7,3.9,20.8,1.0,5.3,0.4,not fire,Bejaia,0
2021-06-09,26,14,0.0,51,81.0,6.1,27.0,2.6,7.8,2.1,not fire,Bejaia,0
2021-06-10,26,13,0.0,54,86.6,9.4,35.1,5.0,11.3,5.8,not fire,Bejaia,0
2021-06-11,26,16,0.0,54,87.5,12.7,43.2,6.7,14.6,8.7,not fire,Bejaia,0
2021-06-12,28,17,0.0,51,88.4,16.4,51.7,8.1,18.3,11.3,fire,Bejaia,1
2021-06-13,28,14,0.0,44,89.6,20.7,60.1,8.2,22.3,12.7,fire,Bejaia,1
2021-06-14,29,12,0.0,44,89.8,25.2,68.7,7.8,26.3,13.2,not fire,Bejaia,0
2021-06-15,31,18,0.2,42,83.7,20.8,70.9,4.4,24.0,7.8,not fire,Bejaia,0
2021-06-16,32,10,1.1,56,70.5,11.8,31.6,1.1,12.2,0.7,not fire,Bejaia,0
2021-06-17,30,12,0.0,62,84.2,14.9,40.4,3.5,15.5,4.8,not fire,Bejaia,0
2021-06-18,30,12,0.1,67,77.8,14.4,49.2,1.7,16.6,2.1,not fire,Bejaia,0
2021-06-19,33,18,0.2,61,78.8,12.1,52.0,2.5,15.3,3.3,not fire,Bejaia,0
2021-06-20,25,15,0.0,79,81.6,13.6,59.9,2.9,17.3,4.3,not fire,Bejaia,0
2021-06-21,26,13,0.0,55,86.5,16.8,68.0,5.0,20.8,8.1,not fire,Bejaia,0
2021-06-22,27,13,0.0,50,88.3,20.5,76.3,6.4,24.5,11.0,not fire,Bejaia,0
2021-06-23,25,10,0.0,69,86.7,22.6,84.2,4.4,27.1,8.5,not fire,Bejaia,0
2021-06-24,25,16,0.6,68,61.5,12.0,65.4,1.0,16.5,0.8,not fire,Bejaia,0
2021-06-25,26,18,0.4,85,47.8,86.8,57.2,0.3,10.5,0.2,not fire,Bejaia,0
2021-06-26,30,11,0.0,58,80.2,10.2,66.0,2.0,14.8,2.5,not fire,Bejaia,0
2021-06-27,27,14,0.0,87,80.5,11.2,74.2,2.4,16.3,3.3,not fire,Bejaia,0
2021-06-28,28,10,0.0,71,82.3,12.7,80.9,2.5,18.2,3.7,not fire,Bejaia,0
2021-06-29,28,14,0.0,61,84.4,14.6,87.5,3.9,20.6,6.5,not fire,Bejaia,0
2021-06-30,27,17,0.0,65,85.7,17.2,95.8,5.5,23.8,9.4,not fire,Bejaia,0
2021-07-01,29,14,0.0,66,85.9,8.4,23.9,4.8,8.9,4.9,not fire,Bejaia,0
2021-07-02,31,13,0.0,57,87.7,11.6,33.2,6.0,12.4,7.2,not fire,Bejaia,0
2021-07-03,35,12,0.0,39,91.7,16.8,43.2,9.9,17.0,12.9,fire,Bejaia,1
2021-07-04,32,11,0.0,37,91.8,21.7,52.7,9.6,21.7,14.2,fire,Bejaia,1
2021-07-05,32,16,0.0,44,91.7,25.8,61.8,12.3,25.8,18.6,fire,Bejaia,1
2021-07-06,34,15,0.0,40,91.8,30.8,71.7,11.8,30.8,19.7,fire,Bejaia,1
2021-07-07,34,17,0.0,47,91.8,35.2,81.5,13.1,35.1,22.6,fire,Bejaia,1
2021-07-08,28,12,0.1,66,79.2,31.5,90.2,2.5,33.7,5.6,not fire,Bejaia,0
2021-07-09,28,22,0.1,83,70.7,27.3,99.0,1.9,32.3,4.3,not fire,Bejaia,0
2021-07-10,31,18,0.0,62,85.0,30.1,108.3,5.2,35.5,11.4,not fire,Bejaia,0
2021-07-11,35,13,0.0,45,90.4,34.8,118.3,8.7,40.1,18.0,fire,Bejaia,1
2021-07-12,37,14,0.0,38,92.4,40.4,128.6,12.1,45.2,24.2,fire,Bejaia,1
2021-07-13,31,18,2.2,84,52.8,13.9,31.1,0.6,13.8,0.4,not fire,Bejaia,0
2021-07-14,26,22,0.0,76,75.7,15.4,39.4,2.4,15.6,3.2,not fire,Bejaia,0
2021-07-15,28,23,1.0,62,72.5,9.3,8.7,2.3,8.9,1.9,not fire,Bejaia,0
2021-07-16,27,19,0.0,79,85.5,12.3,17.3,5.9,12.0,7.0,not fire,Bejaia,0
2021-07-17,28,19,0.0,55,87.7,15.4,26.1,8.1,15.3,10.3,not fire,Bejaia,0
2021-07-18,29,14,0.0,55,88.3,18.7,34.8,6.8,18.6,9.9,not fire,Bejaia,0
2021-07-19,29,13,0.0,54,88.7,22.2,43.7,6.8,22.1,10.9,not fire,Bejaia,0
2021-07-20,30,15,0.0,52,91.0,26.7,52.8,10.6,26.6,16.9,fire,Bejaia,1
2021-07-21,33,18,0.0,51,92.3,31.9,62.5,15.4,31.8,24.2,fire,Bejaia,1
2021-07-22,34,23,0.0,38,93.7,37.8,72.3,23.0,37.6,34.3,fire,Bejaia,1
2021-07-23,35,18,0.0,35,93.1,42.8,82.3,16.6,42.6,29.2,fire,Bejaia,1
2021-07-24,38,16,0.0,29,89.1,45.8,92.8,8.4,45.7,18.8,fire,Bejaia,1
2021-07-25,35,14,0.0,41,89.2,49.5,102.8,7.7,49.3,18.2,fire,Bejaia,1
2021-07-26,29,12,0.0,67,89.2,53.0,111.8,7.0,52.9,17.7,fire,Bejaia,1
2021-07-27,30,14,0.0,57,89.8,57.1,121.2,8.4,57.0,21.1,fire,Bejaia,1
2021-07-28,35,13,0.0,50,89.9,61.3,131.2,8.1,61.2,21.3,fire,Bejaia,1
2021-07-29,34,12,0.0,47,90.2,65.7,141.0,8.1,65.6,22.0,fire,Bejaia,1
2021-07-30,34,11,0.0,50,90.3,69.8,150.8,7.8,69.7,22.0,fire,Bejaia,1
2021-07-31,37,11,0.2,43,86.1,50.3,152.8,4.3,55.2,12.4,not fire,Bejaia,0
2021-08-01,29,14,0.0,62,86.5,8.4,23.2,5.3,8.8,5.3,not fire,Bejaia,0
2021-08-02,29,26,0.0,84,83.7,9.4,31.4,6.6,10.7,7.3,not fire,Bejaia,0
2021-08-03,31,16,0.2,85,62.0,6.2,33.8,1.0,8.5,0.6,not fire,Bejaia,0
2021-08-04,29,15,0.0,83,75.8,7.3,42.0,1.7,10.2,1.2,not fire,Bejaia,0
2021-08-05,29,18,0.0,85,79.9,8.2,50.3,2.8,11.7,3.1,not fire,Bejaia,0
2021-08-06,32,12,0.0,46,89.1,11.9,59.0,6.9,15.8,9.2,not fire,Bejaia,0
2021-08-07,32,15,0.0,45,90.2,15.7,67.8,9.4,19.9,13.3,fire,Bejaia,1
2021-08-08,30,14,0.0,57,89.5,18.4,76.2,8.1,23.0,12.7,not fire,Bejaia,0
2021-08-09,36,13,0.0,63,89.4,21.3,85.7,7.9,26.2,13.4,fire,Bejaia,1
2021-08-10,42,17,0.0,26,95.6,27.8,96.2,22.2,32.3,31.3,fire,Bejaia,1
2021-08-11,37,13,0.0,38,94.1,32.7,105.9,14.8,36.9,25.2,fire,Bejaia,1
2021-08-12,39,13,0.0,29,94.6,38.6,115.9,15.7,42.1,28.0,fire,Bejaia,1
2021-08-13,36,13,0.0,36,94.2,43.5,125.4,15.0,46.6,28.5,fire,Bejaia,1
2021-08-14,35,14,0.0,37,93.9,48.2,134.7,15.0,50.9,29.7,fire,Bejaia,1
2021-08-15,35,19,0.0,36,93.9,53.0,144.0,19.5,55.2,36.7,fire,Bejaia,1
2021-08-16,34,14,0.0,42,93.2,57.4,153.5,13.6,59.3,29.9,fire,Bejaia,1
2021-08-17,29,22,0.1,84,73.2,48.8,161.7,2.1,55.6,6.9,not fire,Bejaia,0
2021-08-18,28,19,0.0,80,80.5,50.0,169.8,3.1,57.6,9.8,not fire,Bejaia,0
2021-08-19,31,19,0.0,63,86.2,52.5,178.4,6.5,60.5,17.9,fire,Bejaia,1
2021-08-20,32,13,0.0,53,88.6,55.7,187.1,6.7,63.8,19.0,fire,Bejaia,1
2021-08-21,33,21,0.0,54,88.8,58.9,196.1,10.4,67.3,26.6,fire,Bejaia,1
2021-08-22,35,23,0.0,38,92.0,63.5,205.4,18.1,71.6,39.7,fire,Bejaia,1
2021-08-23,34,17,0.0,39,92.0,67.9,214.5,13.5,75.8,33.6,fire,Bejaia,1
2021-08-24,31,18,0.0,59,89.4,70.7,223.1,9.8,78.9,27.6,fire,Bejaia,1
2021-08-25,32,17,0.1,57,83.0,61.0,231.7,3.8,73.6,13.3,not fire,Bejaia,0
2021-08-26,33,16,0.0,72,85.2,63.0,240.6,4.9,76.2,16.4,fire,Bejaia,1
2021-08-27,34,12,0.0,70,86.0,65.2,249.7,4.4,78.9,15.6,not fire,Bejaia,0
2021-08-28,37,14,0.0,37,92.3,70.1,259.4,12.1,83.7,32.8,fire,Bejaia,1
2021-08-29,32,18,0.0,86,83.8,71.1,268.2,4.4,85.5,16.3,fire,Bejaia,1
2021-08-30,33,19,0.0,76,84.6,72.8,277.1,5.2,87.9,18.7,fire,Bejaia,1
2021-08-31,32,17,0.0,60,87.3,75.5,285.9,6.9,91.0,23.3,fire,Bejaia,1
2021-09-01,37,28,0.9,68,78.8,4.5,8.4,4.1,4.3,2.8,not fire,Bejaia,0
2021-09-02,32,18,0.0,75,83.8,5.9,15.8,4.4,6.4,3.7,not fire,Bejaia,0
2021-09-03,31,14,0.0,85,83.6,6.8,23.3,3.5,7.8,3.2,not fire,Bejaia,0
2021-09-04,32,17,0.0,87,83.1,7.5,30.6,3.8,9.3,3.9,not fire,Bejaia,0
2021-09-05,33,18,0.0,79,83.7,8.8,38.0,4.4,11.1,5.0,not fire,Bejaia,0
2021-09-06,32,20,0.0,49,89.3,11.9,45.7,10.6,14.4,12.6,fire,Bejaia,1
2021-09-07,34,19,0.0,51,89.4,14.8,53.1,10.2,17.4,13.3,fire,Bejaia,1
2021-09-08,36,11,0.1,42,87.1,15.2,61.0,4.9,18.7,7.6,not fire,Bejaia,0
2021-09-09,33,14,0.1,91,67.2,12.5,69.2,1.2,17.3,1.0,not fire,Bejaia,0
2021-09-10,32,17,0.0,80,80.3,13.8,76.8,2.8,19.0,4.3,not fire,Bejaia,0
2021-09-11,31,15,0.3,75,32.0,7.3,66.1,0.0,11.4,0.0,not fire,Bejaia,0
2021-09-12,32,17,0.0,59,78.5,9.6,73.4,2.3,14.5,2.9,not fire,Bejaia,0
2021-09-13,34,21,0.0,48,89.4,12.9,81.2,11.3,18.4,14.8,fire,Bejaia,1
2021-09-14,37,14,0.0,42,91.6,16.8,89.6,10.9,22.9,16.0,fire,Bejaia,1
2021-09-15,35,13,0.0,55,90.7,19.7,97.6,9.1,26.2,14.9,fire,Bejaia,1
2021-09-16,34,9,0.0,86,84.1,20.6,105.4,2.9,27.7,5.9,not fire,Bejaia,0
2021-09-17,34,14,0.0,56,88.3,23.3,113.2,6.7,30.8,12.9,not fire,Bejaia,0
2021-09-18,31,15,0.0,76,86.1,24.7,120.5,5.3,32.7,10.9,not fire,Bejaia,0
2021-09-19,30,13,0.0,77,85.6,26.0,127.6,4.4,34.4,9.7,not fire,Bejaia,0
2021-09-20,26,13,1.8,92,31.1,7.7,6.4,0.0,7.2,0.0,not fire,Bejaia,0
2021-09-21,28,14,0.3,77,57.1,5.6,41.0,0.7,8.4,0.4,not fire,Bejaia,0
2021-09-22,30,16,0.6,81,54.8,3.3,24.1,0.7,4.9,0.3,not fire,Bejaia,0
2021-09-23,34,18,0.0,62,84.1,5.6,31.9,4.9,7.8,4.6,not fire,Bejaia,0
2021-09-24,38,8,0.0,36,92.5,10.1,40.4,9.2,12.4,10.4,fire,Bejaia,1
2021-09-25,36,9,0.0,51,91.6,13.3,48.6,8.4,15.8,10.9,fire,Bejaia,1
2021-09-26,28,12,0.0,75,86.3,14.6,55.4,4.6,17.6,6.9,not fire,Bejaia,0
2021-09-27,26,12,0.0,90,81.5,15.1,61.7,2.4,18.7,3.8,not fire,Bejaia,0
2021-09-28,29,12,0.0,85,81.6,15.9,68.7,2.5,20.1,4.0,not fire,Bejaia,0
2021-09-29,28,14,0.0,71,84.3,17.4,75.4,3.9,22.1,6.6,not fire,Bejaia,0
2021-09-30,27,18,0.0,86,82.8,18.1,82.0,3.9,23.3,6.9,not fire,Bejaia,0
2021-06-01,33,12,1.4,61,70.5,5.7,9.3,1.2,5.5,0.5,not fire,Blida,0
2021-06-02,28,14,1.0,82,48.5,3.5,8.4,0.3,3.5,0.1,not fire,Blida,0
2021-06-03,30,14,1.1,70,71.0,4.5,17.2,1.3,5.4,0.6,not fire,Blida,0
2021-06-04,31,10,3.9,58,65.8,5.0,9.0,0.9,4.8,0.4,not fire,Blida,0
2021-06-05,31,9,1.1,58,65.9,5.3,9.0,0.9,5.1,0.4,not fire,Blida,0
2021-06-06,23,12,2.0,93,22.5,2.3,7.5,0.0,2.6,0.0,not fire,Blida,0
2021-06-07,26,13,0.0,83,53.7,3.5,15.6,0.5,4.5,0.2,not fire,Blida,0
2021-06-08,30,12,0.0,34,87.4,8.9,24.4,5.7,9.3,5.7,not fire,Blida,0
2021-06-09,32,15,0.0,36,91.6,14.5,33.6,11.0,14.5,12.9,fire,Blida,1
2021-06-10,33,14,0.0,36,92.1,20.2,42.9,11.7,20.2,15.9,fire,Blida,1
2021-06-11,34,16,0.0,34,92.7,26.3,52.5,14.1,26.2,20.7,fire,Blida,1
2021-06-12,32,14,0.0,33,92.7,32.2,61.6,12.8,32.0,21.2,fire,Blida,1
2021-06-13,35,12,0.0,35,92.8,38.4,71.3,11.6,38.2,21.7,fire,Blida,1
2021-06-14,34,14,0.0,47,91.9,43.3,80.9,11.4,43.1,22.7,fire,Blida,1
2021-06-15,37,14,0.1,37,90.3,42.5,90.9,9.0,42.4,19.0,fire,Blida,1
2021-06-16,30,13,0.0,57,89.5,46.0,99.7,7.7,45.9,17.6,fire,Blida,1
2021-06-17,27,16,0.6,67,64.7,22.8,80.2,1.2,26.7,19.0,not fire,Blida,0
2021-06-18,33,7,9.4,66,59.9,10.1,9.3,0.6,9.7,0.3,not fire,Blida,0
2021-06-19,25,15,0.1,67,70.9,9.8,17.2,1.4,9.7,0.8,not fire,Blida,0
2021-06-20,27,15,0.0,63,83.4,12.6,25.5,3.6,12.5,4.4,not fire,Blida,0
2021-06-21,29,15,0.0,42,89.6,17.1,34.1,8.6,17.0,11.6,fire,Blida,1
2021-06-22,29,15,0.0,51,89.7,21.0,42.8,8.7,20.9,12.9,not fire,Blida,0
2021-06-23,27,14,0.0,72,86.5,23.1,51.0,5.3,23.0,9.0,not fire,Blida,0
2021-06-24,28,20,0.0,51,88.3,26.9,59.5,9.2,26.8,15.3,fire,Blida,1
2021-06-25,29,18,0.0,84,83.9,28.1,68.1,4.5,28.1,8.8,not fire,Blida,0
2021-06-26,31,15,0.0,57,87.5,31.8,77.1,6.4,31.7,12.6,not fire,Blida,0
2021-06-27,30,14,0.0,80,85.1,33.4,85.9,4.3,33.9,9.4,not fire,Blida,0
2021-06-28,31,15,0.0,56,87.8,37.1,94.9,6.7,37.5,14.2,fire,Blida,1
2021-06-29,31,16,0.0,42,90.4,42.0,103.8,9.7,42.0,19.9,fire,Blida,1
2021-06-30,31,17,0.0,38,91.3,47.3,112.8,12.2,47.2,24.9,fire,Blida,1
2021-07-01,33,14,0.0,53,88.7,9.8,24.6,7.2,9.8,7.5,not fire,Blida,0
2021-07-02,35,14,0.0,44,90.8,14.5,34.6,9.8,14.5,11.8,fire,Blida,1
2021-07-03,35,14,0.0,30,93.6,20.4,44.7,14.3,20.4,18.6,fire,Blida,1
2021-07-04,36,14,0.0,28,94.3,26.7,54.8,15.8,26.6,22.6,fire,Blida,1
2021-07-05,38,14,0.0,23,95.6,33.8,65.4,19.1,33.6,28.8,fire,Blida,1
2021-07-06,36,14,0.0,27,95.7,40.2,75.6,19.2,40.0,31.3,fire,Blida,1
2021-07-07,34,15,0.0,33,94.6,45.7,85.4,17.4,45.5,31.1,fire,Blida,1
2021-07-08,30,17,0.0,74,86.8,47.6,94.5,6.4,47.4,15.6,fire,Blida,1
2021-07-09,33,17,0.0,77,86.1,49.4,104.1,5.8,49.3,14.8,not fire,Blida,0
2021-07-10,37,14,0.0,63,87.8,52.7,114.5,6.3,52.6,16.3,fire,Blida,1
2021-07-11,40,14,0.0,33,93.8,59.2,125.4,14.8,59.1,31.6,fire,Blida,1
2021-07-12,37,14,0.0,25,95.0,65.9,135.8,17.6,65.8,37.4,fire,Blida,1
2021-07-13,31,18,0.1,71,79.7,56.7,145.1,2.7,57.3,8.8,not fire,Blida,0
2021-07-14,30,18,0.0,78,82.9,58.3,154.2,4.0,59.9,12.2,not fire,Blida,0
2021-07-15,30,17,0.2,57,77.7,41.2,154.8,2.2,49.5,6.4,not fire,Blida,0
2021-07-16,32,17,0.0,80,82.4,42.7,164.3,3.5,51.8,10.2,not fire,Blida,0
2021-07-17,35,15,0.0,29,93.3,48.7,174.3,14.6,57.4,31.0,fire,Blida,1
2021-07-18,35,15,0.0,32,93.4,54.5,184.3,14.7,62.7,32.5,fire,Blida,1
2021-07-19,33,16,0.0,50,91.3,58.5,193.9,11.6,66.7,28.5,fire,Blida,1
2021-07-20,34,16,0.0,41,91.4,63.4,203.8,11.7,71.3,29.6,fire,Blida,1
2021-07-21,37,15,0.0,26,94.7,70.0,214.1,17.8,77.0,40.6,fire,Blida,1
2021-07-22,37,14,0.0,21,95.9,77.1,224.5,19.8,82.9,45.0,fire,Blida,1
2021-07-23,40,14,0.0,22,96.2,84.6,235.4,20.7,89.1,47.9,fire,Blida,1
2021-07-24,41,10,0.0,20,96.8,92.5,246.5,18.3,95.4,45.7,fire,Blida,1
2021-07-25,37,15,0.0,27,96.2,99.0,256.8,21.7,100.8,52.2,fire,Blida,1
2021-07-26,30,14,0.7,56,72.4,49.0,218.4,1.4,62.8,4.9,not fire,Blida,0
2021-07-27,32,14,0.0,73,82.9,51.1,227.9,3.2,65.5,10.9,not fire,Blida,0
2021-07-28,37,13,0.0,46,90.5,55.9,238.3,8.8,70.5,24.3,fire,Blida,1
2021-07-29,35,13,0.0,47,90.5,60.4,248.3,8.9,75.1,25.2,fire,Blida,1
2021-07-30,38,14,0.0,51,90.6,64.9,258.8,9.4,79.8,27.1,fire,Blida,1
2021-07-31,38,11,0.0,32,90.6,69.3,269.3,8.2,84.4,25.2,fire,Blida,1
2021-08-01,30,15,0.0,45,89.5,9.5,23.4,8.4,9.5,8.6,not fire,Blida,0
2021-08-02,30,15,0.0,69,87.4,11.5,31.8,6.3,12.1,7.5,not fire,Blida,0
2021-08-03,29,15,0.1,83,71.2,9.8,40.0,1.4,12.2,0.9,not fire,Blida,0
2021-08-04,29,15,0.0,83,78.9,10.9,48.3,2.2,13.9,2.6,not fire,Blida,0
2021-08-05,33,15,0.0,69,85.2,13.0,57.2,4.6,16.6,6.6,not fire,Blida,0
2021-08-06,35,14,0.0,39,91.5,17.6,66.5,10.8,21.2,15.3,fire,Blida,1
2021-08-07,35,14,0.0,35,92.6,22.4,75.8,12.6,25.8,18.9,fire,Blida,1
2021-08-08,33,16,0.0,52,90.9,25.8,84.8,11.0,29.3,18.2,fire,Blida,1
2021-08-09,35,13,0.0,70,88.0,28.1,94.1,6.2,32.1,12.4,not fire,Blida,0
2021-08-10,39,14,0.0,38,92.6,33.2,104.1,12.6,36.9,22.5,fire,Blida,1
2021-08-11,42,12,0.0,24,96.1,39.9,114.6,18.3,42.7,31.3,fire,Blida,1
2021-08-12,40,15,0.0,22,96.2,46.6,124.8,20.7,48.2,35.9,fire,Blida,1
2021-08-13,40,14,0.0,24,96.3,53.2,135.1,20.8,53.6,37.9,fire,Blida,1
2021-08-14,41,14,0.0,18,97.2,60.3,145.4,23.7,60.3,43.4,fire,Blida,1
2021-08-15,39,14,0.0,17,97.3,67.2,155.5,23.8,67.1,45.9,fire,Blida,1
2021-08-16,37,15,0.0,24,96.8,73.2,165.1,23.5,73.1,47.3,fire,Blida,1
2021-08-17,32,18,0.0,73,87.3,75.0,173.9,7.2,74.9,21.8,fire,Blida,1
2021-08-18,33,17,0.0,87,83.4,75.9,182.8,4.0,75.9,14.1,not fire,Blida,0
2021-08-19,35,14,0.0,56,88.4,79.2,192.1,6.9,79.2,21.6,fire,Blida,1
2021-08-20,33,14,0.0,69,87.8,81.4,201.1,6.3,81.4,20.6,fire,Blida,1
2021-08-21,38,14,0.0,30,94.0,87.0,210.9,15.2,87.0,38.9,fire,Blida,1
2021-08-22,36,12,0.0,22,95.5,93.0,220.4,16.9,93.0,43.0,fire,Blida,1
2021-08-23,37,16,0.0,39,93.9,97.8,230.1,16.7,97.7,43.7,fire,Blida,1
2021-08-24,35,12,0.0,56,90.7,101.1,239.4,8.6,101.0,28.6,fire,Blida,1
2021-08-25,31,14,2.9,55,71.5,43.7,76.3,1.3,43.5,3.6,not fire,Blida,0
2021-08-26,35,14,0.5,73,68.5,22.4,64.1,1.2,23.9,1.8,not fire,Blida,0
2021-08-27,39,14,0.0,48,90.4,26.9,74.1,9.1,28.2,15.6,fire,Blida,1
2021-08-28,35,13,0.1,37,89.2,26.9,83.4,7.3,29.8,13.5,not fire,Blida,0
2021-08-29,35,14,0.0,59,89.2,29.9,92.7,7.7,33.1,14.9,fire,Blida,1
2021-08-30,34,14,0.0,71,87.6,32.0,101.8,6.2,35.9,13.0,not fire,Blida,0
2021-08-31,35,12,0.6,59,75.7,16.2,83.3,1.5,21.8,2.2,not fire,Blida,0
2021-09-01,38,16,1.4,45,84.3,6.0,8.5,4.3,5.8,3.4,not fire,Blida,0
2021-09-02,30,17,0.2,87,59.3,3.8,9.8,0.9,3.8,0.4,not fire,Blida,0
2021-09-03,30,14,0.4,92,36.7,1.8,7.1,0.0,2.2,0.0,not fire,Blida,0
2021-09-04,35,16,0.2,91,45.1,0.9,9.2,0.2,1.5,0.1,not fire,Blida,0
2021-09-05,37,16,0.0,66,82.6,3.2,17.6,3.4,4.4,2.2,not fire,Blida,0
2021-09-06,38,15,0.0,33,93.2,7.9,26.2,14.4,9.0,13.0,fire,Blida,1
2021-09-07,41,14,0.0,25,95.7,13.5,35.2,19.3,13.8,19.5,fire,Blida,1
2021-09-08,39,13,0.0,40,94.1,17.8,44.0,14.7,17.8,17.8,fire,Blida,1
2021-09-09,33,16,0.0,72,87.5,19.5,51.6,6.7,20.1,10.2,not fire,Blida,0
2021-09-10,33,17,0.0,53,88.9,22.3,59.3,8.6,23.0,13.4,fire,Blida,1
2021-09-11,33,16,0.0,69,87.8,24.2,66.9,7.0,25.4,12.0,not fire,Blida,0
2021-09-12,36,14,0.0,43,91.1,28.0,75.1,10.2,29.0,17.1,fire,Blida,1
2021-09-13,38,14,0.0,32,93.7,32.7,83.6,14.7,33.1,23.8,fire,Blida,1
2021-09-14,39,21,0.0,28,94.8,37.9,92.3,24.2,37.9,35.6,fire,Blida,1
2021-09-15,38,27,0.0,44,93.1,41.8,100.9,26.1,41.7,39.1,fire,Blida,1
2021-09-16,39,8,0.0,82,86.0,43.0,109.6,3.6,43.4,9.4,not fire,Blida,0
2021-09-17,32,16,0.5,87,52.5,20.8,93.8,0.5,26.8,0.5,not fire,Blida,0
2021-09-18,32,14,0.0,90,67.8,21.4,101.2,1.2,28.0,2.0,not fire,Blida,0
2021-09-19,31,14,0.0,81,79.1,22.5,108.5,2.1,29.6,4.4,not fire,Blida,0
2021-09-20,28,15,0.2,67,70.8,15.8,107.7,1.4,23.1,2.1,not fire,Blida,0
2021-09-21,30,8,0.1,90,58.2,13.0,114.8,0.5,20.3,0.5,not fire,Blida,0
2021-09-22,33,8,1.1,80,49.8,6.5,68.7,0.2,10.5,0.1,not fire,Blida,0
2021-09-23,34,11,0.3,54,75.4,5.8,64.9,1.4,9.5,0.8,not fire,Blida,0
2021-09-24,37,8,0.0,43,90.3,9.7,73.3,6.7,14.6,8.6,fire,Blida,1
2021-09-25,33,13,0.0,69,87.9,11.6,80.9,6.1,17.1,8.7,not fire,Blida,0
2021-09-26,31,13,0.0,86,83.5,12.4,88.2,3.3,18.3,5.1,not fire,Blida,0
2021-09-27,28,13,0.0,89,81.8,13.0,95.0,2.7,19.3,4.2,not fire,Blida,0
2021-09-28,31,13,0.0,61,86.5,15.2,102.2,5.0,22.2,8.4,not fire,Blida,0
2021-09-29,31,16,0.0,61,87.2,17.4,109.5,6.4,24.9,11.1,not fire,Blida,0
2021-09-30,28,16,0.0,77,85.4,18.6,116.3,5.0,26.6,9.3,not fire,Blida,0
2021-06-01,34,13,0.0,66,75.5,6.5,9.3,1.4,6.2,0.7,not fire,Bouira,0
2021-06-02,38,13,0.0,39,58.2,4.6,8.4,0.7,4.5,0.3,not fire,Bouira,0
2021-06-03,37,14,0.0,26,54.8,3.6,9.0,0.5,3.6,0.2,not fire,Bouira,0
2021-06-04,37,15,0.0,25,69.9,5.1,9.0,0.9,4.9,0.4,not fire,Bouira,0
2021-06-05,40,13,0.0,20,62.3,4.7,9.2,0.7,4.6,0.3,not fire,Bouira,0
2021-06-06,38,15,0.0,21,29.8,2.3,7.7,0.0,2.7,0.0,not fire,Bouira,0
2021-06-07,35,15,0.0,29,52.8,3.2,15.8,0.4,4.2,0.2,not fire,Bouira,0
2021-06-08,30,15,0.0,67,81.3,6.7,24.4,2.3,7.9,1.7,not fire,Bouira,0
2021-06-09,34,15,0.0,83,90.0,11.7,33.6,8.2,12.5,9.6,not fire,Bouira,0
2021-06-10,38,13,0.0,57,92.4,17.6,42.8,12.2,17.5,15.4,fire,Bouira,1
2021-06-11,42,14,0.0,34,92.4,22.9,52.1,12.3,22.9,17.5,fire,Bouira,1
2021-06-12,41,16,0.0,19,92.5,28.7,61.4,11.7,28.6,18.9,fire,Bouira,1
2021-06-13,31,16,0.2,67,94.0,35.6,71.3,14.5,35.5,24.4,fire,Bouira,1
2021-06-14,29,15,0.0,85,94.1,42.5,81.2,15.4,42.3,27.6,fire,Bouira,1
2021-06-15,32,16,0.6,55,89.5,34.5,84.2,7.3,34.4,14.5,fire,Bouira,1
2021-06-16,33,15,0.1,83,87.7,34.3,93.9,4.8,35.9,10.7,not fire,Bouira,0
2021-06-17,33,14,0.0,47,71.9,17.2,75.6,1.5,35.9,2.3,not fire,Bouira,0
2021-06-18,34,14,0.0,38,71.3,8.5,10.2,2.2,22.0,1.7,not fire,Bouira,0
2021-06-19,32,15,0.0,51,81.2,9.1,9.3,2.8,8.2,2.5,not fire,Bouira,0
2021-06-20,34,14,0.0,50,73.8,8.6,17.8,1.5,8.7,0.9,not fire,Bouira,0
2021-06-21,38,16,0.0,33,81.2,11.8,26.4,4.3,8.5,5.1,not fire,Bouira,0
2021-06-22,40,19,0.0,23,73.8,15.7,35.0,7.3,11.7,9.7,not fire,Bouira,0
2021-06-23,41,14,0.0,22,85.1,17.8,43.5,5.4,15.7,8.0,not fire,Bouira,0
2021-06-24,42,13,0.0,23,88.4,21.5,52.1,7.0,21.5,10.9,not fire,Bouira,0
2021-06-25,38,14,0.1,33,86.4,23.0,61.1,4.3,23.7,7.7,not fire,Bouira,0
2021-06-26,32,13,1.1,48,88.1,11.7,9.7,1.1,11.2,0.7,not fire,Bouira,0
2021-06-27,32,14,1.9,67,84.7,13.8,18.9,3.2,13.5,4.0,not fire,Bouira,0
2021-06-28,41,12,0.0,39,70.9,18.1,28.2,7.0,17.8,10.0,not fire,Bouira,0
2021-06-29,37,12,0.0,42,88.5,23.3,37.4,9.8,23.0,14.8,fire,Bouira,1
2021-06-30,39,14,0.0,40,90.8,28.2,46.7,10.3,27.9,17.0,fire,Bouira,1
2021-07-01,34,13,0.0,66,86.7,8.8,24.8,5.1,9.3,5.3,not fire,Bouira,0
2021-07-02,38,13,0.0,39,92.2,14.4,35.4,11.2,14.4,13.2,fire,Bouira,1
2021-07-03,37,14,0.0,26,94.8,21.0,45.7,17.0,21.0,21.3,fire,Bouira,1
2021-07-04,37,15,0.0,25,95.1,27.7,56.1,18.6,27.6,25.8,fire,Bouira,1
2021-07-05,40,13,0.0,20,96.6,35.5,67.0,20.7,35.3,31.1,fire,Bouira,1
2021-07-06,38,15,0.0,21,96.7,42.7,77.5,23.1,42.5,36.4,fire,Bouira,1
2021-07-07,35,15,0.0,29,95.5,48.7,87.5,19.8,48.5,35.0,fire,Bouira,1
2021-07-08,30,15,0.0,67,88.2,51.1,96.7,7.1,51.0,17.5,fire,Bouira,1
2021-07-09,34,15,0.0,83,84.8,52.5,106.5,4.4,52.4,12.3,not fire,Bouira,0
2021-07-10,38,13,0.0,57,88.9,56.5,117.0,7.0,56.4,18.3,fire,Bouira,1
2021-07-11,42,14,0.0,34,94.0,63.2,128.3,15.2,63.0,33.3,fire,Bouira,1
2021-07-12,41,16,0.0,19,97.0,71.2,139.4,25.3,71.0,48.9,fire,Bouira,1
2021-07-13,31,16,0.2,67,75.8,48.6,140.5,1.8,52.1,5.6,not fire,Bouira,0
2021-07-14,29,15,0.0,85,79.7,49.6,149.4,2.4,54.2,7.4,not fire,Bouira,0
2021-07-15,32,16,0.6,55,75.4,25.7,127.6,1.8,34.2,4.0,not fire,Bouira,0
2021-07-16,33,15,0.1,83,71.2,22.5,137.3,1.4,31.9,2.9,not fire,Bouira,0
2021-07-17,33,14,0.0,47,88.4,26.7,146.9,6.9,36.7,14.4,fire,Bouira,1
2021-07-18,34,14,0.0,38,91.7,31.8,156.7,11.1,42.2,22.0,fire,Bouira,1
2021-07-19,32,15,0.0,51,90.9,35.6,166.2,10.3,46.4,21.9,fire,Bouira,1
2021-07-20,34,14,0.0,50,90.9,39.8,176.0,9.9,50.8,22.3,fire,Bouira,1
2021-07-21,38,16,0.0,33,92.8,45.3,185.8,14.3,56.3,30.2,fire,Bouira,1
2021-07-22,40,19,0.0,23,96.0,52.7,196.7,25.7,63.1,46.8,fire,Bouira,1
2021-07-23,41,14,0.0,22,96.4,60.4,207.8,21.2,70.0,43.4,fire,Bouira,1
2021-07-24,42,13,0.0,23,96.4,68.2,219.1,20.3,76.7,44.1,fire,Bouira,1
2021-07-25,38,14,0.1,33,91.7,62.4,229.6,11.1,74.4,29.2,fire,Bouira,1
2021-07-26,32,13,1.1,48,76.2,28.1,169.0,1.6,39.7,4.0,not fire,Bouira,0
2021-07-27,32,14,1.9,67,66.1,11.5,76.2,1.1,16.7,0.9,not fire,Bouira,0
2021-07-28,41,12,0.0,39,91.9,17.6,87.3,10.3,23.4,15.6,fire,Bouira,1
2021-07-29,37,12,0.0,42,92.0,22.8,97.7,10.4,28.8,17.3,fire,Bouira,1
2021-07-30,39,14,0.0,40,92.4,28.4,108.4,12.2,34.3,21.3,fire,Bouira,1
2021-07-31,39,12,0.0,32,93.9,34.8,119.1,13.7,40.2,24.9,fire,Bouira,1
2021-08-01,32,14,0.0,60,87.3,8.7,23.8,5.9,9.1,6.1,not fire,Bouira,0
2021-08-02,33,14,0.0,67,87.4,11.1,32.7,6.0,12.0,7.0,not fire,Bouira,0
2021-08-03,30,14,0.1,86,69.3,9.2,41.1,1.2,11.8,0.8,not fire,Bouira,0
2021-08-04,30,15,0.0,88,76.3,10.0,49.5,1.8,13.3,1.8,not fire,Bouira,0
2021-08-05,32,15,0.0,82,81.4,11.2,58.3,2.8,15.2,3.8,not fire,Bouira,0
2021-08-06,36,13,0.0,39,91.5,15.9,67.8,11.1,20.1,15.3,not fire,Bouira,0
2021-08-07,35,14,0.0,32,93.2,21.0,77.8,13.6,25.0,19.8,fire,Bouira,1
2021-08-08,33,14,0.0,48,91.6,24.6,86.0,11.0,28.7,18.0,fire,Bouira,1
2021-08-09,37,10,0.0,69,77.9,24.8,95.7,1.5,30.1,3.1,not fire,Bouira,0
2021-08-10,42,27,0.0,19,97.0,32.0,106.2,44.2,36.5,51.5,fire,Bouira,1
2021-08-11,42,17,0.0,21,97.1,39.0,116.8,26.9,42.5,40.2,fire,Bouira,1
2021-08-12,42,15,0.0,15,98.0,46.6,127.4,27.6,48.7,43.5,fire,Bouira,1
2021-08-13,41,16,0.0,16,98.1,53.9,137.8,29.2,54.5,47.4,fire,Bouira,1
2021-08-14,43,19,0.0,19,98.1,61.2,148.5,34.2,61.2,55.2,fire,Bouira,1
2021-08-15,41,17,0.0,20,98.2,68.2,158.5,31.2,68.1,54.6,fire,Bouira,1
2021-08-16,37,15,0.0,22,97.3,74.3,168.5,25.0,74.2,49.6,fire,Bouira,1
2021-08-17,32,15,0.0,77,86.5,75.9,177.3,5.8,75.8,18.8,fire,Bouira,1
2021-08-18,34,14,0.0,82,85.0,77.2,186.4,4.3,77.2,15.0,not fire,Bouira,0
2021-08-19,36,14,0.0,60,88.0,80.3,195.9,6.5,80.2,21.0,fire,Bouira,1
2021-08-20,35,14,0.1,52,85.7,68.9,205.2,4.7,74.9,15.9,fire,Bouira,1
2021-08-21,39,14,0.0,40,92.2,73.9,215.2,11.8,79.5,31.5,fire,Bouira,1
2021-08-22,40,16,0.0,21,96.4,80.6,225.4,23.3,85.1,50.5,fire,Bouira,1
2021-08-23,38,10,0.1,21,94.0,72.0,235.3,12.5,81.6,33.1,fire,Bouira,1
2021-08-24,35,10,0.0,53,91.2,75.5,244.6,8.4,85.2,25.9,fire,Bouira,1
2021-08-25,33,14,0.8,51,77.2,36.8,200.6,1.8,50.5,5.4,not fire,Bouira,0
2021-08-26,36,15,0.3,61,78.8,23.1,194.0,2.1,35.6,5.1,not fire,Bouira,0
2021-08-27,39,16,0.0,56,88.7,26.6,203.8,8.0,40.2,16.9,fire,Bouira,1
2021-08-28,38,16,0.1,29,92.9,27.8,213.9,14.6,41.9,26.6,fire,Bouira,1
2021-08-29,36,17,0.0,66,89.0,30.4,223.3,8.7,45.3,19.2,fire,Bouira,1
2021-08-30,34,13,0.1,60,83.0,28.0,232.5,3.1,43.1,8.2,not fire,Bouira,0
2021-08-31,37,14,0.9,66,74.6,13.1,184.2,1.5,22.3,2.4,not fire,Bouira,0
2021-09-01,40,16,3.1,70,75.5,4.3,8.9,1.8,4.2,0.7,not fire,Bouira,0
2021-09-02,35,16,0.4,78,67.0,3.0,8.0,1.3,3.1,0.5,not fire,Bouira,0
2021-09-03,34,15,0.7,92,38.6,1.4,7.8,0.1,1.9,0.0,not fire,Bouira,0
2021-09-04,36,14,0.4,90,43.6,0.7,8.2,0.1,1.1,0.0,not fire,Bouira,0
2021-09-05,38,14,0.0,67,82.2,3.0,16.7,3.0,4.1,1.6,not fire,Bouira,0
2021-09-06,39,17,0.0,35,93.0,7.6,25.5,15.5,8.7,13.6,fire,Bouira,1
2021-09-07,40,11,0.0,31,94.3,12.6,34.4,13.7,13.2,14.8,fire,Bouira,1
2021-09-08,38,14,0.0,39,94.0,16.9,42.9,15.3,17.0,18.0,fire,Bouira,1
2021-09-09,34,16,0.0,70,88.0,18.8,50.7,7.2,19.5,10.7,not fire,Bouira,0
2021-09-10,33,17,0.0,74,86.8,20.3,58.4,6.4,21.7,10.3,not fire,Bouira,0
2021-09-11,33,17,0.0,71,86.9,22.1,66.0,6.4,24.1,10.9,not fire,Bouira,0
2021-09-12,37,16,0.0,48,90.4,25.6,74.4,10.2,27.5,16.7,fire,Bouira,1
2021-09-13,39,17,0.0,37,92.9,30.1,83.1,15.3,31.6,24.0,fire,Bouira,1
2021-09-14,41,16,0.0,30,94.7,35.4,92.2,18.6,36.1,29.2,fire,Bouira,1
2021-09-15,39,28,0.0,42,93.7,39.5,100.9,29.5,39.9,41.4,fire,Bouira,1
2021-09-16,38,8,0.0,84,85.3,40.6,109.5,3.3,42.1,8.5,not fire,Bouira,0
2021-09-17,34,11,0.3,47,80.6,25.7,104.0,2.7,31.8,5.9,not fire,Bouira,0
2021-09-18,32,16,0.0,88,80.9,26.4,111.5,2.8,33.2,6.3,not fire,Bouira,0
2021-09-19,32,17,0.0,80,83.0,27.6,119.0,3.8,34.9,8.6,not fire,Bouira,0
2021-09-20,31,14,0.5,73,64.8,13.9,102.4,1.1,20.8,1.0,not fire,Bouira,0
2021-09-21,31,12,0.4,87,47.1,7.5,91.9,0.2,12.4,0.1,not fire,Bouira,0
2021-09-22,31,15,9.0,89,35.2,3.3,7.3,0.0,3.3,0.0,not fire,Bouira,0
2021-09-23,38,8,0.2,60,75.2,4.1,10.0,1.2,4.1,0.5,not fire,Bouira,0
2021-09-24,40,17,0.0,41,91.8,8.4,18.9,13.1,8.4,11.7,fire,Bouira,1
2021-09-25,36,14,0.0,55,90.8,11.4,27.1,9.8,11.4,10.5,not fire,Bouira,0
2021-09-26,32,10,0.0,83,84.8,12.4,34.5,3.4,13.1,4.2,not fire,Bouira,0
2021-09-27,30,12,0.0,96,78.7,12.6,41.6,1.8,14.4,2.1,not fire,Bouira,0
2021-09-28,30,12,0.0,69,84.4,14.3,48.7,3.5,16.5,5.1,not fire,Bouira,0
2021-09-29,31,14,0.0,72,85.1,15.9,56.0,4.3,18.6,6.7,not fire,Bouira,0
2021-09-30,28,12,0.0,81,84.4,16.9,62.8,3.5,20.2,5.8,not fire,Bouira,0
2021-06-01,39,33,0.0,20,96.3,14.4,25.4,54.7,14.3,40.2,fire,Khenchela,1
2021-06-02,38,18,0.0,29,95.9,21.8,35.7,24.4,21.5,27.8,fire,Khenchela,1
2021-06-03,37,17,0.0,24,96.0,29.4,45.7,23.3,29.1,30.9,fire,Khenchela,1
2021-06-04,38,21,0.0,17,97.0,37.9,56.0,32.5,37.1,42.9,fire,Khenchela,1
2021-06-05,37,16,0.0,19,97.0,46.0,66.0,25.4,45.7,40.0,fire,Khenchela,1
2021-06-06,37,15,0.0,21,97.1,54.0,76.1,31.6,53.6,41.9,fire,Khenchela,1
2021-06-07,37,21,0.0,24,96.8,61.6,86.2,1.8,61.2,52.5,fire,Khenchela,1
2021-06-08,36,12,0.5,57,78.6,33.4,74.0,33.7,33.3,4.1,not fire,Khenchela,0
2021-06-09,38,30,0.0,30,93.9,40.6,84.3,35.7,40.5,45.5,fire,Khenchela,1
2021-06-10,38,31,0.0,33,94.0,47.5,94.5,24.9,47.4,50.5,fire,Khenchela,1
2021-06-11,38,17,0.0,19,96.5,55.8,104.8,33.9,55.6,43.2,fire,Khenchela,1
2021-06-12,36,23,0.0,20,96.5,63.7,114.6,1.6,63.4,55.7,fire,Khenchela,1
2021-06-13,31,12,0.1,75,77.2,54.8,123.6,2.4,54.8,5.2,not fire,Khenchela,0
2021-06-14,34,17,0.5,53,79.1,30.4,109.0,8.7,35.9,5.8,not fire,Khenchela,0
2021-06-15,33,21,0.0,57,87.6,34.3,118.4,9.7,39.8,17.9,fire,Khenchela,1
2021-06-16,29,23,0.0,62,87.6,37.3,127.0,12.9,43.0,20.2,fire,Khenchela,1
2021-06-17,29,29,0.0,67,97.5,39.9,135.2,9.8,46.0,25.5,fire,Khenchela,1
2021-06-18,30,19,0.0,49,89.1,44.1,144.4,8.0,50.0,21.9,fire,Khenchela,1
2021-06-19,31,15,0.0,52,89.1,48.2,153.4,9.0,54.0,19.8,fire,Khenchela,1
2021-06-20,32,17,0.0,51,89.2,52.4,162.2,9.1,58.1,22.3,fire,Khenchela,1
2021-06-21,32,14,0.0,44,90.4,57.3,171.7,10.4,62.5,23.4,fire,Khenchela,1
2021-06-22,34,12,0.0,36,92.2,63.2,181.3,13.8,67.5,27.2,fire,Khenchela,1
2021-06-23,36,12,0.0,29,94.0,70.2,191.2,13.8,73.2,33.5,fire,Khenchela,1
2021-06-24,36,15,0.0,28,94.3,77.2,201.0,16.7,78.8,39.3,fire,Khenchela,1
2021-06-25,34,27,0.0,27,94.3,83.9,210.6,30.7,84.1,59.6,fire,Khenchela,1
2021-06-26,34,21,0.0,22,95.2,91.1,220.1,25.6,91.1,55.2,fire,Khenchela,1
2021-06-27,36,11,0.0,26,95.2,98.4,230.0,15.6,98.3,41.8,fire,Khenchela,1
2021-06-28,37,12,0.0,26,95.3,105.8,240.0,16.5,105.7,44.7,fire,Khenchela,1
2021-06-29,38,22,0.0,21,96.1,113.9,250.3,30.4,113.8,67.3,fire,Khenchela,1
2021-06-30,38,26,0.2,22,94.0,76.3,249.8,28.0,86.5,57.0,fire,Khenchela,1
2021-07-01,39,33,0.0,20,96.3,13.5,25.7,54.7,13.4,39.3,fire,Khenchela,1
2021-07-02,38,18,0.0,29,95.9,20.1,36.3,24.4,19.9,26.8,fire,Khenchela,1
2021-07-03,37,17,0.0,24,96.0,26.9,46.6,23.3,29.7,29.7,fire,Khenchela,1
2021-07-04,38,21,0.0,17,97.0,34.5,57.2,32.5,34.2,41.2,fire,Khenchela,1
2021-07-05,37,16,0.0,19,97.0,41.7,67.5,25.4,41.5,38.3,fire,Khenchela,1
2021-07-06,37,15,0.0,21,97.1,48.8,77.9,32.9,48.5,48.5,fire,Khenchela,1
2021-07-07,37,21,0.0,24,96.8,55.6,88.3,24.6,55.3,42.8,fire,Khenchela,1
2021-07-08,36,12,0.5,57,79.6,30.2,76.3,1.8,30.4,3.8,not fire,Khenchela,0
2021-07-09,38,30,0.0,30,93.9,36.6,86.9,33.7,36.6,43.5,fire,Khenchela,1
2021-07-10,38,31,0.0,33,94.0,42.8,97.4,35.7,42.7,48.3,fire,Khenchela,1
2021-07-11,38,17,0.0,19,96.5,50.2,108.0,24.9,50.1,41.2,fire,Khenchela,1
2021-07-12,36,23,0.0,20,96.5,57.2,118.2,33.9,57.1,53.2,fire,Khenchela,1
2021-07-13,31,12,0.1,75,77.2,49.5,127.4,1.6,50.2,4.9,not fire,Khenchela,0
2021-07-14,34,17,0.5,53,79.1,27.3,112.9,2.4,34.1,5.6,not fire,Khenchela,0
2021-07-15,33,21,0.0,57,87.6,30.8,122.6,8.7,37.8,17.5,not fire,Khenchela,0
2021-07-16,29,23,0.0,62,87.6,33.5,131.5,9.7,43.7,19.7,fire,Khenchela,1
2021-07-17,29,29,0.0,67,87.5,35.8,140.4,12.9,47.6,24.8,fire,Khenchela,1
2021-07-18,30,19,0.0,49,89.1,39.5,149.5,9.8,51.4,21.3,fire,Khenchela,1
2021-07-19,31,15,0.0,52,89.1,43.2,158.8,8.0,55.3,19.3,fire,Khenchela,1
2021-07-20,32,17,0.0,51,89.2,47.0,168.3,9.0,59.6,21.7,fire,Khenchela,1
2021-07-21,32,14,0.0,44,90.4,51.3,177.7,9.1,64.5,22.8,fire,Khenchela,1
2021-07-22,34,12,0.0,36,92.2,56.6,187.6,10.7,70.0,26.6,fire,Khenchela,1
2021-07-23,36,12,0.0,29,94.0,62.8,197.7,16.7,75.5,32.8,fire,Khenchela,1
2021-07-24,36,15,0.0,28,94.3,75.1,207.9,30.7,80.6,38.5,fire,Khenchela,1
2021-07-25,34,27,0.0,27,94.3,81.5,217.8,25.6,86.0,58.4,fire,Khenchela,1
2021-07-26,34,21,0.0,22,95.2,87.9,227.6,15.6,91.4,53.7,fire,Khenchela,1
2021-07-27,36,11,0.0,26,95.2,94.4,247.9,16.9,96.7,40.4,fire,Khenchela,1
2021-07-28,37,12,0.0,26,95.3,101.5,258.3,29.7,102.4,63.7,fire,Khenchela,1
2021-07-29,38,22,0.0,21,96.1,108.7,268.9,30.5,108.7,66.2,fire,Khenchela,1
2021-07-30,38,26,0.2,22,93.9,73.2,268.2,27.7,87.0,56.8,fire,Khenchela,1
2021-07-31,37,26,0.0,36,86.5,6.7,17.9,21.3,6.9,15.9,fire,Khenchela,1
2021-08-01,37,26,0.0,36,86.5,6.7,17.9,21.3,6.9,15.9,fire,Khenchela,1
2021-08-02,36,32,0.0,25,88.5,7.3,20.7,46.5,7.8,29.0,fire,Khenchela,1
2021-08-04,36,34,0.0,20,84.0,8.2,26.2,29.2,9.2,22.2,fire,Khenchela,1
2021-08-05,35,7,0.0,74,85.1,8.9,29.2,3.8,10.1,4.1,not fire,Khenchela,0
2021-08-06,38,5,0.0,43,87.5,9.8,32.4,4.5,11.2,5.2,not fire,Khenchela,0
2021-08-11,37,14,0.0,20,91.3,14.4,47.2,16.2,16.4,18.2,fire,Khenchela,1
2021-08-12,38,10,0.0,18,91.4,15.4,50.2,11.8,17.4,14.9,fire,Khenchela,1
2021-08-13,38,23,0.0,18,90.8,15.9,53.0,31.2,18.2,30.6,fire,Khenchela,1
2021-08-14,35,20,0.0,26,89.2,16.2,55.5,19.4,18.7,22.3,fire,Khenchela,1
2021-08-15,33,14,0.0,37,88.8,16.6,58.1,11.3,19.3,15.2,fire,Khenchela,1
2021-08-16,34,15,0.1,35,71.0,13.5,60.6,2.2,17.3,3.1,not fire,Khenchela,0
2021-08-17,33,29,2.1,31,42.9,5.2,2.3,0.6,4.6,0.3,not fire,Khenchela,0
2021-08-18,31,11,1.8,43,33.5,2.0,2.4,0.0,1.7,0.0,not fire,Khenchela,0
2021-08-19,32,18,1.8,35,35.1,0.6,2.6,0.1,0.8,0.0,not fire,Khenchela,0
2021-08-20,34,29,4.3,44,37.7,0.2,2.5,0.2,0.4,0.1,not fire,Khenchela,0
2021-08-21,33,20,0.1,46,52.3,0.2,4.9,1.1,0.3,0.2,not fire,Khenchela,0
2021-08-22,32,20,0.0,45,73.2,0.4,7.3,3.6,0.7,0.9,not fire,Khenchela,0
2021-08-23,32,10,0.0,27,80.1,0.7,9.9,2.6,1.2,0.7,not fire,Khenchela,0
2021-08-24,34,11,0.4,42,47.2,0.4,2.6,0.3,0.5,0.1,not fire,Khenchela,0
2021-08-25,34,18,0.7,39,41.8,0.5,2.8,0.2,0.7,0.1,not fire,Khenchela,0
2021-08-26,36,19,0.7,41,33.1,0.2,2.6,0.0,0.3,0.0,not fire,Khenchela,0
2021-08-27,34,27,0.0,66,63.4,0.6,5.3,4.4,1.0,1.6,not fire,Khenchela,0
2021-08-28,35,22,0.0,40,76.4,0.9,7.8,5.0,1.4,2.2,not fire,Khenchela,0
2021-08-29,33,17,0.4,44,46.6,0.2,2.5,0.4,0.4,0.1,not fire,Khenchela,0
2021-08-30,33,26,0.0,49,71.1,0.5,5.0,5.3,0.8,2.1,not fire,Khenchela,0
2021-08-31,33,22,0.0,31,81.6,0.8,7.5,8.0,1.3,4.0,not fire,Khenchela,0
2021-09-01,35,32,0.1,52,87.4,7.1,23.0,14.7,8.0,12.7,not fire,Khenchela,0
2021-09-02,38,28,0.0,43,91.6,11.1,31.5,22.0,11.8,20.0,fire,Khenchela,1
2021-09-03,36,24,0.1,41,89.8,12.3,39.7,14.0,13.9,15.3,fire,Khenchela,1
2021-09-04,35,18,0.1,33,90.6,13.7,47.7,11.6,16.0,14.2,fire,Khenchela,1
2021-09-05,35,24,0.0,59,89.9,16.3,55.7,14.2,18.9,17.9,fire,Khenchela,1
2021-09-06,31,20,0.3,60,77.0,11.0,51.7,2.4,14.3,3.0,not fire,Khenchela,0
2021-09-07,31,22,0.0,56,87.1,13.7,59.0,8.6,17.2,11.6,not fire,Khenchela,0
2021-09-08,34,15,2.1,54,76.3,8.0,7.8,1.8,7.6,0.9,not fire,Khenchela,0
2021-09-09,34,19,0.4,59,78.1,6.2,7.8,2.5,5.9,1.5,not fire,Khenchela,0
2021-09-10,32,20,0.0,56,87.4,8.8,15.3,8.1,8.6,7.9,not fire,Khenchela,0
2021-09-11,30,24,0.0,66,87.5,10.7,22.4,10.0,10.6,10.4,not fire,Khenchela,0
2021-09-12,30,24,0.0,64,87.5,12.7,29.5,10.0,12.6,11.3,not fire,Khenchela,0
2021-09-13,32,15,0.0,49,89.4,15.7,37.0,8.4,15.6,10.8,not fire,Khenchela,0
2021-09-14,34,8,0.0,40,91.4,19.4,44.8,7.8,19.4,11.3,not fire,Khenchela,0
2021-09-15,35,18,0.1,40,89.1,19.5,52.8,9.4,20.3,13.5,not fire,Khenchela,0
2021-09-16,34,23,0.0,40,91.4,23.2,0.0,16.8,23.7,22.4,fire,Khenchela,1
2021-09-17,33,28,0.0,38,91.7,27.0,68.3,22.5,27.1,29.2,fire,Khenchela,1
2021-09-18,36,23,0.0,25,94.8,31.9,76.4,26.9,31.9,35.3,fire,Khenchela,1
2021-09-19,36,23,0.0,30,94.9,36.6,84.6,27.1,36.5,37.7,fire,Khenchela,1
2021-09-20,27,15,0.5,39,76.4,19.4,69.3,1.8,22.8,3.0,not fire,Khenchela,0
2021-09-21,23,17,0.3,65,64.0,11.9,63.4,1.2,16.2,0.9,not fire,Khenchela,0
2021-09-22,29,27,0.0,63,83.8,13.9,70.4,7.0,18.6,10.2,not fire,Khenchela,0
2021-09-23,31,21,0.0,42,90.2,17.2,77.6,12.7,22.1,17.7,fire,Khenchela,1
2021-09-24,35,30,0.0,34,92.8,21.4,85.6,28.9,26.4,34.1,fire,Khenchela,1
2021-09-25,37,20,0.0,35,93.0,25.9,94.0,18.0,30.6,26.5,fire,Khenchela,1
2021-09-26,34,22,0.0,20,95.6,30.9,101.8,18.3,35.1,38.2,fire,Khenchela,1
2021-09-27,32,17,0.1,38,88.3,29.2,109.3,7.9,35.0,15.6,fire,Khenchela,1
2021-09-28,31,18,0.0,87,83.2,29.9,116.6,4.1,36.5,9.4,not fire,Khenchela,0
2021-09-29,29,20,0.0,63,86.2,31.9,123.5,6.8,38.8,14.6,not fire,Khenchela,0
2021-09-30,25,15,0.0,67,86.2,33.4,129.7,5.3,40.7,12.4,not fire,Khenchela,0
2017-06-01,28,11,4.7,72,54.8,4.3,8.4,0.5,4.2,0.2,not fire,Tipaza,0
2017-06-02,30,12,0.0,63,80.7,7.3,17.2,2.2,7.3,1.5,not fire,Tipaza,0
2017-06-03,29,15,6.8,58,67.0,6.0,8.6,1.2,5.7,0.6,not fire,Tipaza,0
2017-06-04,27,8,20.2,78,42.7,3.7,8.3,0.1,3.7,0.0,not fire,Tipaza,0
2017-06-05,22,18,12.6,82,37.0,2.2,7.4,0.0,2.5,0.0,not fire,Tipaza,0
2017-06-06,26,12,0.0,68,70.7,4.4,15.4,1.2,5.2,0.5,not fire,Tipaza,0
2017-06-07,28,14,0.0,57,84.8,7.7,23.9,4.1,8.6,4.1,not fire,Tipaza,0
2017-06-08,31,12,0.0,59,87.3,11.2,32.9,5.3,12.1,6.3,not fire,Tipaza,0
2017-06-09,30,12,0.0,68,87.3,13.8,41.7,5.3,15.1,7.2,not fire,Tipaza,0
2017-06-10,27,13,0.0,84,83.7,15.0,49.9,3.4,17.1,5.0,not fire,Tipaza,0
2017-06-11,29,13,0.0,73,84.5,17.1,58.6,3.8,19.8,6.1,not fire,Tipaza,0
2017-06-12,31,13,0.0,65,86.3,20.1,67.6,4.8,23.1,8.4,not fire,Tipaza,0
2017-06-13,36,13,0.0,50,89.8,25.0,77.4,8.0,27.7,13.9,fire,Tipaza,1
2017-06-14,33,12,0.0,40,91.3,30.4,86.8,9.4,32.4,17.0,fire,Tipaza,1
2017-06-15,32,13,0.0,55,90.2,34.3,95.9,8.5,36.2,16.7,fire,Tipaza,1
2017-06-16,33,15,0.0,60,89.4,37.9,105.6,3.4,39.9,17.5,fire,Tipaza,1
2017-06-17,32,15,0.1,58,82.9,35.2,114.5,6.3,39.8,8.5,not fire,Tipaza,0
2017-06-18,31,16,0.0,59,87.1,38.7,123.4,4.9,43.4,14.7,fire,Tipaza,1
2017-06-19,30,13,0.0,74,86.3,40.8,132.2,5.2,46.1,12.4,not fire,Tipaza,0
2017-06-20,32,14,0.0,70,86.4,43.4,141.4,5.2,49.1,13.5,not fire,Tipaza,0
2017-06-21,30,14,0.0,70,86.4,45.9,150.2,5.2,52.0,14.0,fire,Tipaza,1
2017-06-22,31,14,0.0,50,88.9,50.1,159.2,7.4,56.1,19.0,fire,Tipaza,1
2017-06-23,34,13,0.0,45,90.6,55.2,168.7,8.9,60.7,22.5,fire,Tipaza,1
2017-06-24,38,14,0.0,36,92.7,12.6,25.2,12.7,12.5,13.6,fire,Tipaza,1
2017-06-25,38,14,0.0,36,92.7,15.1,19.9,12.7,14.8,14.7,fire,Tipaza,1
2017-06-26,35,18,2.6,33,82.3,8.5,9.7,5.5,8.2,5.3,not fire,Tipaza,0
2017-06-27,36,12,1.1,44,81.4,15.2,14.3,2.4,10.6,6.2,not fire,Tipaza,0
2017-06-28,31,28,0.9,43,81.6,11.1,9.0,5.5,14.5,10.4,not fire,Tipaza,0
2017-06-29,29,20,0.0,53,87.6,14.8,17.6,8.4,17.6,12.2,not fire,Tipaza,0
2017-06-30,26,21,0.6,58,70.0,9.6,8.1,1.9,9.1,1.3,not fire,Tipaza,0
2017-07-01,25,21,2.2,74,56.5,3.8,8.2,0.9,3.7,0.3,not fire,Tipaza,0
2017-07-02,25,17,0.0,71,77.3,5.5,16.4,2.1,6.0,1.0,not fire,Tipaza,0
2017-07-03,29,16,0.0,65,84.8,8.0,25.3,4.6,8.6,4.7,not fire,Tipaza,0
2017-07-04,33,13,0.0,58,87.8,11.4,35.0,6.0,12.5,7.3,not fire,Tipaza,0
2017-07-05,35,11,0.0,37,92.0,16.7,45.0,9.9,17.3,13.1,fire,Tipaza,1
2017-07-06,37,8,0.0,37,92.6,22.3,55.3,9.3,22.3,14.0,fire,Tipaza,1
2017-07-07,36,11,0.0,23,95.2,29.1,65.5,15.5,29.0,23.2,fire,Tipaza,1
2017-07-08,33,14,4.7,65,69.2,11.0,9.6,1.2,10.5,0.8,not fire,Tipaza,0
2017-07-09,32,13,0.0,53,86.6,14.6,19.1,5.0,14.3,6.6,not fire,Tipaza,0
2017-07-10,35,13,0.0,54,89.0,18.5,29.1,7.1,18.3,10.2,not fire,Tipaza,0
2017-07-11,37,8,0.4,31,86.4,15.2,24.6,3.8,15.0,5.2,not fire,Tipaza,0
2017-07-12,38,12,0.0,39,92.2,20.8,35.1,10.7,20.7,15.0,fire,Tipaza,1
2017-07-13,38,15,0.0,44,92.2,26.0,45.7,12.5,25.8,18.8,fire,Tipaza,1
2017-07-14,36,14,0.0,47,92.2,30.6,55.9,11.9,30.4,19.6,fire,Tipaza,1
2017-07-15,32,15,0.0,71,87.5,32.6,65.3,6.4,32.7,12.7,not fire,Tipaza,0
2017-07-16,32,18,0.0,67,87.6,35.4,74.8,7.5,35.3,15.0,fire,Tipaza,1
2017-07-17,32,14,0.0,58,87.9,38.7,84.3,6.5,38.6,14.0,fire,Tipaza,1
2017-07-18,35,6,0.1,52,86.1,37.1,94.3,3.3,37.4,7.9,not fire,Tipaza,0
2017-07-19,36,17,0.6,43,77.3,18.8,77.1,2.1,23.4,3.7,not fire,Tipaza,0
2017-07-20,34,14,0.1,63,81.3,18.2,86.9,2.6,23.9,4.8,not fire,Tipaza,0
2017-07-21,32,15,0.0,75,84.2,20.1,96.3,4.0,26.4,7.6,not fire,Tipaza,0
2017-07-22,33,14,0.0,66,86.4,22.8,106.0,5.2,29.7,10.2,not fire,Tipaza,0
2017-07-23,36,12,1.2,49,79.5,12.9,58.8,2.0,16.7,2.7,not fire,Tipaza,0
2017-07-24,32,17,0.0,86,81.1,14.0,68.8,3.0,18.5,4.7,not fire,Tipaza,0
2017-07-25,31,16,0.0,73,84.4,16.0,77.6,4.3,21.1,7.2,not fire,Tipaza,0
2017-07-26,31,18,0.0,67,86.0,18.5,86.9,6.0,24.4,10.3,not fire,Tipaza,0
2017-07-27,34,12,0.0,47,89.9,22.9,96.7,7.7,28.8,13.8,not fire,Tipaza,0
2017-07-28,37,13,0.0,35,92.9,28.7,107.1,12.4,34.4,21.6,fire,Tipaza,1
2017-07-29,35,12,0.0,44,92.6,33.5,117.1,11.3,39.0,21.5,fire,Tipaza,1
2017-07-30,35,11,0.8,61,73.8,15.5,87.9,1.3,21.5,1.7,not fire,Tipaza,0
2017-07-31,39,7,1.3,43,87.6,17.6,98.6,4.3,24.3,7.8,not fire,Tipaza,0
2017-08-01,42,15,5.5,38,89.0,8.4,11.3,8.0,8.1,7.6,not fire,Tipaza,0
2017-08-02,38,16,3.8,44,84.3,8.3,10.5,4.3,8.0,4.1,not fire,Tipaza,0
2017-08-03,36,8,2.5,41,79.5,8.3,10.2,1.6,7.9,0.9,not fire,Tipaza,0
2017-08-04,35,13,0.9,66,71.4,6.2,10.0,1.3,6.0,0.6,not fire,Tipaza,0
2017-08-05,34,10,0.1,68,77.9,6.9,19.8,1.6,7.4,0.8,not fire,Tipaza,0
2017-08-06,34,13,0.0,78,83.1,8.7,29.7,3.2,10.0,3.3,not fire,Tipaza,0
2017-08-07,35,11,0.0,70,86.0,11.2,39.7,6.3,13.1,7.7,not fire,Tipaza,0
2017-08-08,38,19,0.0,33,83.1,17.4,50.2,16.2,18.6,19.6,fire,Tipaza,1
2017-08-09,35,17,0.0,49,86.0,13.6,49.1,4.7,16.1,6.6,not fire,Tipaza,0
2017-08-10,29,19,0.3,81,93.4,11.9,58.0,1.5,15.7,1.6,not fire,Tipaza,0
2017-08-11,29,16,0.1,78,83.9,10.6,66.9,1.4,15.2,1.3,not fire,Tipaza,0
2017-08-12,29,15,0.4,81,72.0,6.4,59.5,0.6,10.0,0.4,not fire,Tipaza,0
2017-08-13,31,14,0.0,77,71.2,8.1,68.8,1.8,12.5,1.8,not fire,Tipaza,0
2017-08-14,34,12,0.7,67,55.9,6.1,48.3,1.1,9.2,0.6,not fire,Tipaza,0
2017-08-15,38,11,0.0,39,77.2,11.7,58.8,8.8,15.6,11.2,not fire,Tipaza,0
2017-08-16,33,14,0.2,62,69.3,9.8,61.8,1.9,14.1,2.2,not fire,Tipaza,0
2017-08-17,31,14,0.0,85,91.1,11.0,71.1,2.0,15.8,2.6,not fire,Tipaza,0
2017-08-18,33,10,0.0,72,78.2,13.2,80.7,3.3,18.7,5.2,fire,Tipaza,1
2017-08-19,33,15,0.0,72,80.7,15.4,90.4,4.8,21.6,7.9,not fire,Tipaza,0
2017-08-20,31,15,0.0,79,84.7,17.0,99.6,4.7,23.8,8.2,not fire,Tipaza,0
2017-08-21,30,16,0.0,76,85.4,18.8,108.7,4.9,26.2,9.1,not fire,Tipaza,0
2017-08-22,30,14,0.0,57,85.3,21.9,117.8,6.1,29.9,11.7,not fire,Tipaza,0
2017-08-23,33,12,0.0,51,85.3,25.8,127.5,7.0,34.3,14.0,fire,Tipaza,1
2017-08-24,34,11,0.0,45,89.2,30.4,137.3,8.0,39.1,16.7,fire,Tipaza,1
2017-08-25,33,9,0.2,62,90.5,22.3,138.9,1.3,31.8,2.6,not fire,Tipaza,0
2017-08-26,36,8,0.0,58,76.0,26.0,149.0,4.3,36.1,9.7,not fire,Tipaza,0
2017-08-27,37,7,0.5,39,87.2,17.2,133.8,2.2,26.0,4.3,not fire,Tipaza,0
2017-08-28,33,18,5.2,45,79.1,10.4,8.6,2.6,10.0,2.5,not fire,Tipaza,0
2017-08-29,32,12,0.2,48,80.3,10.0,13.2,2.1,9.7,1.9,not fire,Tipaza,0
2017-08-30,28,14,1.2,86,43.7,4.9,8.7,0.1,4.8,0.1,not fire,Tipaza,0
2017-08-31,31,14,3.5,81,48.1,3.1,9.3,0.3,3.4,0.1,not fire,Tipaza,0
2017-09-01,32,15,0.1,59,82.3,6.5,22.5,3.1,7.5,2.7,not fire,Tipaza,0
2017-09-02,26,17,0.6,84,49.4,3.4,6.4,0.4,3.3,0.1,not fire,Tipaza,0
2017-09-03,30,10,0.0,63,78.8,5.4,13.5,1.7,5.4,0.7,not fire,Tipaza,0
2017-09-04,30,15,0.0,28,92.0,9.4,20.6,12.2,9.4,11.6,fire,Tipaza,1
2017-09-05,30,15,0.2,53,90.3,12.0,27.7,9.5,12.0,10.6,fire,Tipaza,1
2017-09-06,30,13,0.0,54,78.0,9.6,28.6,1.8,10.4,1.5,not fire,Tipaza,0
2017-09-07,28,18,1.5,76,57.1,5.0,6.7,0.8,4.7,0.3,not fire,Tipaza,0
2017-09-08,30,11,0.0,70,79.0,6.7,13.8,1.8,6.6,0.9,not fire,Tipaza,0
2017-09-09,32,33,0.0,38,91.0,10.3,21.3,26.2,10.2,21.4,fire,Tipaza,1
2017-09-10,23,23,11.5,69,58.1,5.1,5.8,1.2,4.8,0.5,not fire,Tipaza,0
2017-09-11,28,10,0.0,42,85.0,8.1,12.6,3.5,7.9,3.2,not fire,Tipaza,0
2017-09-12,30,15,0.0,33,91.6,11.8,19.7,11.5,11.6,12.2,fire,Tipaza,1
2017-09-13,29,11,0.0,75,86.4,13.2,26.6,5.1,13.1,6.4,not fire,Tipaza,0
2017-09-14,31,14,0.0,42,90.3,16.5,33.9,9.0,16.4,11.8,fire,Tipaza,1
2017-09-15,31,13,0.5,56,73.7,10.1,21.8,1.4,10.0,0.8,not fire,Tipaza,0
2017-09-16,28,18,0.1,41,83.8,10.6,28.5,4.5,11.0,5.1,not fire,Tipaza,0
2017-09-17,26,10,0.0,75,83.9,11.8,34.9,3.0,12.8,3.6,not fire,Tipaza,0
2017-09-18,27,20,0.0,77,82.6,12.1,37.9,4.2,13.5,5.4,not fire,Tipaza,0
2017-09-19,25,15,0.0,60,85.8,14.0,44.1,5.0,15.6,6.9,not fire,Tipaza,0
2017-09-20,26,12,0.0,74,85.6,15.2,50.5,4.2,17.4,6.3,not fire,Tipaza,0
2017-09-21,30,7,0.0,39,90.4,18.6,57.6,6.4,20.6,10.0,fire,Tipaza,1
2017-09-22,29,8,0.5,51,70.3,11.2,44.0,0.9,13.7,0.7,not fire,Tipaza,0
2017-09-23,30,12,0.0,50,86.5,14.0,51.1,4.8,16.6,6.9,not fire,Tipaza,0
2017-09-24,26,13,0.2,86,55.9,9.0,50.9,0.6,12.5,0.4,not fire,Tipaza,0
2017-09-25,27,11,0.0,60,80.0,11.0,57.5,2.0,14.9,2.4,not fire,Tipaza,0
2017-09-26,27,12,0.0,59,85.7,13.1,64.0,4.3,17.3,6.3,not fire,Tipaza,0
2017-09-27,24,15,0.0,82,83.7,13.9,70.1,3.7,18.6,5.8,not fire,Tipaza,0
2017-09-28,25,13,0.0,83,83.3,14.7,76.3,3.2,19.8,5.2,not fire,Tipaza,0
2017-09-29,24,13,0.8,87,39.7,6.7,46.8,0.1,9.9,0.0,not fire,Tipaza,0
2017-09-30,24,11,0.0,88,57.3,7.3,52.8,0.6,10.8,0.4,not fire,Tipaza,0
2021-06-01,28,25,2.3,64,68.4,4.9,8.4,2.1,4.7,0.9,not fire,Setif,0
2021-06-02,29,13,2.5,54,67.2,5.3,8.6,1.1,5.1,0.5,not fire,Setif,0
2021-06-03,28,18,4.3,58,66.5,5.0,8.4,1.4,4.9,0.6,not fire,Setif,0
2021-06-04,28,15,0.2,55,74.1,5.8,11.0,1.6,5.7,0.7,not fire,Setif,0
2021-06-05,28,8,4.2,64,56.4,4.8,8.4,0.5,4.6,0.2,not fire,Setif,0
2021-06-06,24,16,0.8,56,61.7,4.6,7.7,1.0,4.4,0.4,not fire,Setif,0
2021-06-07,24,12,0.1,77,64.3,4.4,15.4,0.9,5.2,0.4,not fire,Setif,0
2021-06-08,25,19,0.0,65,81.2,6.8,23.4,3.4,7.9,3.1,not fire,Setif,0
2021-06-09,26,22,0.0,40,89.2,11.1,31.4,11.6,11.8,12.3,not fire,Setif,0
2021-06-10,26,21,0.0,40,90.1,15.4,39.5,12.5,15.6,14.8,fire,Setif,1
2021-06-11,28,17,0.0,48,90.1,19.4,48.0,10.3,19.4,14.2,fire,Setif,1
2021-06-12,29,11,0.0,44,90.2,23.8,56.6,7.7,23.8,12.4,fire,Setif,1
2021-06-13,31,19,0.0,35,91.9,29.3,65.6,13.9,29.3,21.6,fire,Setif,1
2021-06-14,32,18,0.0,34,92.3,35.1,74.7,14.8,35.0,24.6,fire,Setif,1
2021-06-15,33,7,2.4,39,76.1,15.5,9.3,1.2,14.9,0.9,not fire,Setif,0
2021-06-16,31,26,1.7,44,79.9,10.6,9.0,4.2,10.2,4.6,not fire,Setif,0
2021-06-17,33,28,0.4,31,87.7,11.2,9.3,12.3,10.7,12.4,not fire,Setif,0
2021-06-18,33,32,1.2,38,85.6,10.1,9.3,11.4,9.6,11.1,not fire,Setif,0
2021-06-19,35,39,0.9,38,88.1,10.0,9.7,23.4,9.6,19.3,fire,Setif,1
2021-06-20,36,42,0.1,39,91.0,13.4,19.6,40.8,13.2,32.1,fire,Setif,1
2021-06-21,35,36,0.0,42,91.3,18.9,29.3,31.8,18.7,31.3,fire,Setif,1
2021-06-22,34,23,0.0,39,91.7,24.6,38.8,17.5,24.3,23.3,fire,Setif,1
2021-06-23,29,12,0.2,53,77.2,19.2,41.1,1.6,19.1,2.2,not fire,Setif,0
2021-06-24,35,32,1.0,51,83.5,12.3,9.8,8.6,11.8,9.7,not fire,Setif,0
2021-06-25,35,39,0.7,45,86.5,10.5,9.7,18.7,10.1,16.6,fire,Setif,1
2021-06-26,34,50,0.4,28,91.3,11.6,9.5,64.4,11.1,40.7,fire,Setif,1
2021-06-27,36,35,0.1,31,92.5,15.6,19.4,35.5,15.2,31.0,fire,Setif,1
2021-06-28,34,19,0.0,49,91.6,20.3,28.9,13.9,20.0,18.1,fire,Setif,1
2021-06-29,38,30,0.0,26,95.0,27.9,39.2,39.2,27.6,42.3,fire,Setif,1
2021-06-30,38,39,0.0,32,95.0,34.9,49.4,62.0,34.6,62.0,fire,Setif,1
2021-07-01,37,14,0.0,42,91.4,11.2,25.4,10.5,11.1,11.1,fire,Setif,1
2021-07-02,37,21,0.0,40,92.0,16.6,35.7,16.5,16.5,18.8,fire,Setif,1
2021-07-03,38,30,0.0,27,94.8,23.3,46.3,38.1,23.1,38.6,fire,Setif,1
2021-07-04,39,21,0.0,22,96.0,30.6,57.0,28.7,30.4,36.1,fire,Setif,1
2021-07-05,38,13,0.0,16,97.2,38.3,67.5,22.3,38.1,33.8,fire,Setif,1
2021-07-06,39,23,0.0,21,97.2,45.8,78.3,37.1,45.5,50.9,fire,Setif,1
2021-07-07,38,37,0.0,25,96.7,52.6,88.8,70.5,52.4,79.7,fire,Setif,1
2021-07-08,35,18,0.0,32,95.0,58.4,98.8,21.4,58.1,40.0,fire,Setif,1
2021-07-09,36,26,0.0,75,87.2,60.6,109.0,10.7,60.4,25.6,fire,Setif,1
2021-07-10,37,23,0.0,30,93.9,66.9,119.4,23.5,66.6,45.3,fire,Setif,1
2021-07-11,39,24,0.0,31,94.2,73.4,130.1,25.9,73.1,50.3,fire,Setif,1
2021-07-12,40,27,0.3,18,95.4,49.5,127.4,35.8,50.2,52.0,fire,Setif,1
2021-07-13,30,25,0.3,46,82.0,31.9,123.1,5.0,38.7,11.6,not fire,Setif,0
2021-07-14,30,10,0.0,84,82.7,33.3,133.2,2.6,41.0,6.7,not fire,Setif,0
2021-07-15,32,30,0.1,55,85.1,31.1,142.7,9.7,40.2,19.5,fire,Setif,1
2021-07-16,32,18,0.0,80,85.2,32.6,152.1,5.3,42.5,12.7,not fire,Setif,0
2021-07-17,29,22,0.0,50,88.5,36.1,161.1,10.5,46.3,22.2,fire,Setif,1
2021-07-18,30,21,0.0,43,90.2,40.3,170.2,12.7,50.6,26.4,fire,Setif,1
2021-07-19,30,19,0.0,49,90.2,44.0,179.3,11.5,54.6,25.7,fire,Setif,1
2021-07-20,32,10,0.0,46,90.3,48.2,188.7,7.4,58.9,19.4,fire,Setif,1
2021-07-21,33,22,0.0,46,90.3,52.6,198.4,13.6,63.2,30.9,fire,Setif,1
2021-07-22,35,11,0.0,33,92.9,58.2,208.4,11.3,68.6,28.4,fire,Setif,1
2021-07-23,35,17,0.0,29,93.9,64.3,218.4,17.4,74.0,39.3,fire,Setif,1
2021-07-24,37,15,0.0,26,94.8,70.9,228.7,18.0,79.9,41.7,fire,Setif,1
2021-07-25,37,29,0.6,24,92.2,39.6,201.3,25.4,53.1,42.8,fire,Setif,1
2021-07-26,34,36,0.2,25,92.1,31.9,201.6,35.2,45.7,49.3,fire,Setif,1
2021-07-27,35,32,0.0,40,92.1,36.9,211.6,29.0,51.4,46.0,fire,Setif,1
2021-07-28,35,22,0.0,33,93.1,42.6,221.6,20.0,57.6,38.2,fire,Setif,1
2021-07-29,37,23,0.0,26,94.8,49.2,232.0,26.9,64.3,48.6,fire,Setif,1
2021-07-30,38,22,0.3,25,92.5,34.7,225.1,18.4,50.1,33.8,fire,Setif,1
2021-07-31,38,28,0.3,22,93.7,25.9,218.6,29.5,39.9,41.5,fire,Setif,1
2021-08-01,36,23,0.0,33,93.0,11.1,24.5,20.9,11.1,18.8,fire,Setif,1
2021-08-02,37,36,0.0,59,90.3,14.4,34.1,27.4,14.3,25.4,fire,Setif,1
2021-08-03,36,33,0.0,39,92.0,19.0,43.6,30.2,19.0,30.5,fire,Setif,1
2021-08-04,37,43,0.0,22,95.7,25.2,53.3,82.8,25.1,64.9,fire,Setif,1
2021-08-05,33,12,0.0,60,89.9,28.0,62.2,7.7,27.9,13.6,not fire,Setif,0
2021-08-06,36,18,0.0,45,90.9,32.2,71.7,12.1,32.1,20.4,fire,Setif,1
2021-08-07,37,26,0.0,29,94.2,37.8,81.4,28.6,37.7,39.6,fire,Setif,1
2021-08-08,39,30,0.0,26,95.2,43.9,91.4,40.3,43.8,52.7,fire,Setif,1
2021-08-09,39,32,0.0,23,95.8,50.3,101.4,48.7,50.1,62.7,fire,Setif,1
2021-08-10,38,39,0.0,19,96.5,56.8,111.3,76.6,56.6,86.5,fire,Setif,1
2021-08-11,38,27,0.0,21,96.6,63.2,121.1,41.8,63.0,63.2,fire,Setif,1
2021-08-12,38,18,0.0,18,96.8,69.8,131.0,28.6,69.6,52.3,fire,Setif,1
2021-08-13,39,26,0.0,16,97.3,76.8,141.0,30.9,76.5,57.3,fire,Setif,1
2021-08-14,36,27,0.0,19,97.4,83.0,150.5,24.2,82.7,51.0,fire,Setif,1
2021-08-15,36,19,0.0,22,97.0,88.9,160.0,26.7,88.6,56.0,fire,Setif,1
2021-08-16,36,19,0.0,27,96.0,94.5,169.4,70.8,94.2,102.5,fire,Setif,1
2021-08-17,34,14,0.1,35,90.3,80.0,178.6,12.8,79.9,33.3,fire,Setif,1
2021-08-18,31,17,0.0,82,84.8,81.2,187.2,4.8,81.1,16.9,not fire,Setif,0
2021-08-19,34,18,2.0,41,81.7,36.6,84.8,3.2,36.5,7.7,not fire,Setif,0
2021-08-20,33,21,1.6,41,78.4,15.7,21.7,1.8,15.5,2.1,not fire,Setif,0
2021-08-21,35,17,0.0,52,88.9,19.3,31.0,12.3,19.1,16.1,fire,Setif,1
2021-08-22,35,17,0.0,33,92.9,24.3,40.3,22.9,24.1,28.0,fire,Setif,1
2021-08-23,34,12,4.9,25,87.9,13.0,9.1,10.1,12.4,11.3,not fire,Setif,0
2021-08-24,33,24,1.2,41,80.4,9.3,8.9,2.5,8.9,2.3,not fire,Setif,0
2021-08-25,34,25,2.3,36,83.9,8.2,9.1,5.0,7.8,4.8,not fire,Setif,0
2021-08-26,34,23,1.0,51,81.1,6.8,9.1,4.3,6.5,3.7,not fire,Setif,0
2021-08-27,34,15,0.0,68,85.9,9.1,18.2,5.1,9.0,5.2,not fire,Setif,0
2021-08-28,36,20,0.0,36,92.4,14.1,27.7,16.5,13.9,17.4,fire,Setif,1
2021-08-29,34,17,0.3,54,81.0,10.7,26.3,3.0,10.7,3.2,not fire,Setif,0
2021-08-30,34,21,0.0,62,87.1,13.4,35.5,8.1,13.8,9.9,not fire,Setif,0
2021-08-31,32,12,0.1,33,88.2,15.0,44.2,6.1,16.2,8.4,not fire,Setif,0
2021-09-01,34,26,0.8,67,75.9,4.4,7.8,3.0,4.2,1.7,not fire,Setif,0
2021-09-02,34,23,0.0,46,89.6,7.7,15.6,12.9,7.6,11.2,not fire,Setif,0
2021-09-03,37,28,0.5,40,88.3,7.4,8.4,13.7,7.1,11.3,not fire,Setif,0
2021-09-04,36,19,0.0,43,91.2,11.2,16.5,13.2,10.9,13.2,fire,Setif,1
2021-09-05,35,15,0.0,72,87.7,13.0,24.6,6.5,12.8,7.9,not fire,Setif,0
2021-09-06,33,9,0.0,40,91.0,16.6,32.2,7.8,16.5,10.5,fire,Setif,1
2021-09-07,33,14,0.0,43,91.1,20.1,39.8,10.1,20.0,14.2,fire,Setif,1
2021-09-08,34,17,0.3,45,83.6,14.2,36.8,4.1,14.5,5.5,not fire,Setif,0
2021-09-09,33,22,0.1,57,84.3,13.7,44.5,5.8,15.5,7.9,not fire,Setif,0
2021-09-10,29,19,0.0,73,84.7,15.2,51.4,5.2,17.4,7.7,not fire,Setif,0
2021-09-11,29,20,0.0,59,87.0,17.4,58.3,7.6,19.9,11.3,not fire,Setif,0
2021-09-12,31,15,0.0,58,87.7,19.8,65.6,6.6,22.5,10.7,not fire,Setif,0
2021-09-13,32,11,0.0,50,89.2,22.7,73.1,6.6,25.6,11.4,not fire,Setif,0
2021-09-14,34,23,0.0,41,91.3,26.4,80.9,16.4,29.1,24.2,fire,Setif,1
2021-09-15,31,34,0.0,44,91.3,29.6,88.2,28.7,32.2,37.0,fire,Setif,1
2021-09-16,33,29,0.0,38,91.7,33.4,95.8,23.7,35.7,34.1,fire,Setif,1
2021-09-17,30,28,0.2,35,86.5,24.7,95.6,10.7,30.0,18.1,fire,Setif,1
2021-09-18,34,28,0.0,33,92.7,28.9,103.4,25.7,34.0,35.3,fire,Setif,1
2021-09-19,32,7,0.0,69,88.1,30.8,110.9,4.6,36.3,10.4,not fire,Setif,0
2021-09-20,21,14,2.0,75,47.2,10.3,22.2,0.2,10.2,0.1,not fire,Setif,0
2021-09-21,23,19,0.8,73,51.2,5.5,5.8,0.5,5.1,0.2,not fire,Setif,0
2021-09-22,29,20,1.0,74,59.3,3.4,6.9,1.1,3.3,0.4,not fire,Setif,0
2021-09-23,30,32,0.0,47,87.2,6.3,14.0,13.4,6.3,10.6,not fire,Setif,0
2021-09-24,34,41,0.0,33,92.8,10.5,21.9,50.1,10.4,33.8,fire,Setif,1
2021-09-26,33,29,0.0,28,93.7,18.9,37.5,31.3,18.8,31.0,fire,Setif,1
2021-06-01,34,36,1.3,51,83.4,6.7,9.5,10.4,6.5,8.7,not fire,Tiaret,0
2021-06-02,31,7,0.5,70,61.4,5.4,9.0,0.6,5.2,0.3,not fire,Tiaret,0
2021-06-03,31,20,4.6,61,69.8,5.1,9.0,1.7,5.0,0.7,not fire,Tiaret,0
2021-06-04,28,27,1.4,52,73.7,5.5,8.4,2.8,5.3,1.8,not fire,Tiaret,0
2021-06-05,33,27,6.1,64,74.4,5.1,9.3,2.9,5.0,1.8,not fire,Tiaret,0
2021-06-06,25,17,0.3,85,51.1,3.2,7.9,0.4,3.2,0.2,not fire,Tiaret,0
2021-06-07,27,13,0.0,73,74.9,5.2,16.2,1.5,5.8,0.7,not fire,Tiaret,0
2021-06-08,30,23,0.0,40,89.6,10.1,25.0,13.0,10.1,12.6,fire,Tiaret,1
2021-06-09,32,12,0.0,34,92.2,15.9,34.1,10.7,15.8,13.2,fire,Tiaret,1
2021-06-10,32,7,0.0,31,92.9,21.9,43.3,9.2,21.8,13.7,fire,Tiaret,1
2021-06-11,34,11,0.0,33,92.9,28.1,52.8,11.3,27.9,18.2,fire,Tiaret,1
2021-06-12,33,13,0.0,38,93.0,33.6,62.2,12.6,33.5,21.5,fire,Tiaret,1
2021-06-13,35,12,0.0,42,92.9,39.2,71.9,11.9,39.0,22.2,fire,Tiaret,1
2021-06-14,35,11,0.7,36,83.4,22.0,51.0,2.9,22.0,5.1,not fire,Tiaret,0
2021-06-15,37,28,1.1,37,88.3,14.7,14.8,13.8,14.3,15.4,fire,Tiaret,1
2021-06-16,31,21,0.1,49,85.4,15.8,23.8,6.4,15.6,8.6,not fire,Tiaret,0
2021-06-17,26,25,1.1,61,68.3,9.1,8.1,2.1,8.6,1.6,not fire,Tiaret,0
2021-06-18,34,44,0.2,53,85.6,9.4,11.7,20.9,9.1,17.4,not fire,Tiaret,0
2021-06-19,26,27,0.0,67,85.6,11.8,19.8,8.9,11.6,9.9,not fire,Tiaret,0
2021-06-20,27,18,0.0,71,85.7,13.9,28.1,5.7,13.8,7.3,not fire,Tiaret,0
2021-06-21,28,21,0.0,52,88.1,17.6,36.5,9.4,17.5,12.5,not fire,Tiaret,0
2021-06-22,26,20,0.0,58,88.1,20.6,44.6,9.0,20.5,13.1,not fire,Tiaret,0
2021-06-23,28,15,0.0,50,88.6,24.4,53.1,7.5,24.3,12.4,not fire,Tiaret,0
2021-06-24,34,21,0.0,50,89.7,29.0,62.6,11.8,28.9,19.0,fire,Tiaret,1
2021-06-25,35,22,0.0,62,89.4,32.6,72.3,11.9,32.6,20.3,fire,Tiaret,1
2021-06-26,32,24,0.0,60,89.2,36.1,81.4,12.9,36.1,22.6,fire,Tiaret,1
2021-06-27,32,19,0.0,65,88.4,39.2,90.6,8.9,39.1,18.0,fire,Tiaret,1
2021-06-28,31,21,0.1,33,89.0,38.3,99.6,10.7,39.1,20.6,fire,Tiaret,1
2021-06-29,32,19,0.0,35,92.0,44.0,108.8,14.8,44.0,27.4,fire,Tiaret,1
2021-06-30,32,22,0.0,31,92.9,50.0,117.9,19.7,50.0,35.3,fire,Tiaret,1
2021-07-01,35,18,0.0,45,90.5,10.7,25.0,11.4,10.6,11.6,fire,Tiaret,1
2021-07-02,39,22,0.0,30,94.3,17.3,35.7,23.8,17.2,24.8,fire,Tiaret,1
2021-07-03,38,24,0.0,29,94.4,23.8,46.3,26.3,23.6,30.4,fire,Tiaret,1
2021-07-04,36,18,0.0,23,95.5,30.7,56.6,22.9,30.5,31.1,fire,Tiaret,1
2021-07-05,39,14,0.0,26,95.5,37.6,67.4,18.8,37.4,30.0,fire,Tiaret,1
2021-07-06,37,22,0.0,23,95.6,44.5,77.7,28.4,44.3,42.4,fire,Tiaret,1
2021-07-07,34,28,0.0,30,95.1,50.3,87.5,35.7,50.1,51.8,fire,Tiaret,1
2021-07-08,32,17,0.2,44,84.0,37.3,89.9,4.3,37.3,10.0,not fire,Tiaret,0
2021-07-09,41,25,0.0,55,89.9,41.8,100.9,14.8,41.7,26.8,fire,Tiaret,1
2021-07-10,40,27,0.0,34,93.7,48.1,111.8,28.2,48.1,43.8,fire,Tiaret,1
2021-07-11,42,18,0.0,18,97.4,56.4,123.1,29.5,56.3,48.4,fire,Tiaret,1
2021-07-12,40,33,0.0,17,97.4,64.4,134.0,63.2,64.3,81.5,fire,Tiaret,1
2021-07-13,30,34,0.0,24,95.8,70.0,143.1,50.6,69.8,74.1,fire,Tiaret,1
2021-07-14,31,10,0.0,74,87.2,72.0,152.4,4.7,71.8,15.5,fire,Tiaret,1
2021-07-15,34,23,0.2,32,89.1,52.2,153.8,11.9,56.5,26.7,fire,Tiaret,1
2021-07-16,35,21,0.0,53,89.3,56.2,163.8,11.2,60.5,26.6,fire,Tiaret,1
2021-07-17,37,18,0.0,34,93.1,62.1,174.2,16.5,65.7,35.8,fire,Tiaret,1
2021-07-18,33,26,0.0,30,93.3,67.7,183.8,25.5,70.5,49.0,fire,Tiaret,1
2021-07-19,33,24,0.0,42,92.6,72.3,193.5,20.8,74.8,44.3,fire,Tiaret,1
2021-07-20,34,13,0.0,49,91.6,76.5,203.3,10.3,78.9,28.7,fire,Tiaret,1
2021-07-21,38,8,0.0,29,94.3,83.0,213.8,11.7,84.3,32.3,fire,Tiaret,1
2021-07-22,38,23,0.0,24,95.4,90.0,224.4,30.3,90.0,60.9,fire,Tiaret,1
2021-07-23,41,14,0.0,24,96.0,97.5,235.5,20.0,97.5,48.8,fire,Tiaret,1
2021-07-24,40,18,0.0,15,97.7,105.7,246.4,30.8,105.7,65.8,fire,Tiaret,1
2021-07-25,38,26,0.1,25,94.2,89.3,256.9,28.8,95.5,60.6,fire,Tiaret,1
2021-07-26,32,21,0.2,30,88.2,62.1,255.5,9.6,77.3,26.9,not fire,Tiaret,0
2021-07-27,34,17,0.0,58,88.3,65.6,265.3,7.9,81.0,24.2,fire,Tiaret,1
2021-07-28,40,32,0.0,33,93.9,72.0,276.2,37.2,87.2,68.0,fire,Tiaret,1
2021-07-29,38,23,0.0,25,95.2,78.9,286.8,28.4,93.5,59.6,fire,Tiaret,1
2021-07-30,39,21,0.0,24,95.6,86.1,297.5,27.2,99.9,59.6,fire,Tiaret,1
2021-07-31,39,27,0.0,22,96.1,93.4,308.2,38.9,106.3,76.0,fire,Tiaret,1
2021-08-01,32,19,0.0,27,93.3,10.3,22.5,17.8,10.2,16.2,fire,Tiaret,1
2021-08-02,34,19,0.0,41,93.0,14.0,30.3,17.0,13.9,17.8,fire,Tiaret,1
2021-08-03,33,18,0.0,81,85.4,15.1,37.9,5.5,15.2,7.5,not fire,Tiaret,0
2021-08-04,32,22,0.0,81,84.9,16.3,45.4,6.3,17.2,9.0,not fire,Tiaret,0
2021-08-05,34,14,0.0,35,92.1,20.3,53.2,11.6,20.8,16.1,fire,Tiaret,1
2021-08-06,37,16,0.0,33,93.4,24.9,61.6,15.5,24.9,21.6,fire,Tiaret,1
2021-08-07,34,18,0.0,35,93.4,28.9,69.4,17.3,28.9,25.0,fire,Tiaret,1
2021-08-08,35,19,0.0,34,93.5,33.2,77.4,18.3,33.1,27.7,fire,Tiaret,1
2021-08-09,42,33,0.0,43,93.5,37.5,86.7,37.3,37.5,46.8,fire,Tiaret,1
2021-08-10,41,42,0.0,11,98.6,44.2,95.8,116.7,44.1,99.6,fire,Tiaret,1
2021-08-11,41,22,0.0,19,98.4,50.3,104.8,41.4,50.2,56.8,fire,Tiaret,1
2021-08-12,41,23,0.0,15,98.5,56.7,113.9,43.8,56.5,62.0,fire,Tiaret,1
2021-08-13,41,25,0.0,13,98.5,63.2,123.0,48.8,63.0,69.3,fire,Tiaret,1
2021-08-14,40,26,0.0,15,98.6,69.4,131.9,51.7,69.2,74.7,fire,Tiaret,1
2021-08-15,39,18,0.0,18,98.3,75.3,140.6,33.3,75.0,59.4,fire,Tiaret,1
2021-08-16,38,25,0.0,22,97.4,80.7,149.2,42.0,80.4,70.6,fire,Tiaret,1
2021-08-17,36,29,0.0,25,96.4,85.6,157.4,45.3,85.4,75.7,fire,Tiaret,1
2021-08-18,33,16,0.0,61,89.7,88.0,165.0,9.1,87.7,27.8,fire,Tiaret,1
2021-08-19,35,13,0.0,41,91.4,91.8,173.0,10.1,91.5,30.4,fire,Tiaret,1
2021-08-20,36,18,0.0,55,90.8,94.8,181.2,11.9,94.5,34.5,fire,Tiaret,1
2021-08-21,38,22,0.0,33,93.5,99.4,189.7,21.4,99.1,51.3,fire,Tiaret,1
2021-08-22,38,20,0.0,25,95.2,104.7,198.3,24.4,104.3,56.9,fire,Tiaret,1
2021-08-23,37,27,0.0,37,94.1,108.8,206.5,29.6,108.5,65.0,fire,Tiaret,1
2021-08-24,37,17,0.0,39,93.7,112.8,214.7,17.0,112.5,46.8,fire,Tiaret,1
2021-08-25,34,21,0.9,38,84.7,53.4,166.9,5.8,59.3,16.4,not fire,Tiaret,0
2021-08-26,37,15,0.0,50,89.9,56.8,175.3,9.0,62.8,23.2,fire,Tiaret,1
2021-08-27,38,18,0.0,57,90.0,59.8,183.8,10.6,65.9,26.6,fire,Tiaret,1
2021-08-28,34,32,0.0,29,93.6,64.2,191.7,35.8,69.9,60.2,fire,Tiaret,1
2021-08-29,34,19,0.1,42,95.2,58.7,199.5,23.3,67.6,45.4,fire,Tiaret,1
2021-08-30,32,13,0.2,45,86.3,42.0,198.4,4.8,54.9,13.6,not fire,Tiaret,0
2021-09-01,38,35,0.0,44,91.4,9.9,23.5,30.3,9.9,23.5,fire,Tiaret,1
2021-09-02,29,18,0.0,85,83.8,10.7,30.5,4.4,11.4,5.2,not fire,Tiaret,0
2021-09-03,35,18,0.3,83,65.5,6.5,27.9,1.3,8.2,0.7,not fire,Tiaret,0
2021-09-04,36,14,0.1,72,78.0,6.3,36.1,1.9,8.8,1.4,not fire,Tiaret,0
2021-09-05,37,14,0.0,57,88.2,9.2,44.4,6.7,12.2,7.9,not fire,Tiaret,0
2021-09-06,39,19,0.0,45,91.4,13.2,53.1,13.6,16.3,16.1,fire,Tiaret,1
2021-09-07,37,9,0.0,27,94.5,18.1,61.5,12.7,20.9,17.2,fire,Tiaret,1
2021-09-08,38,24,0.1,35,91.9,19.0,70.1,18.8,22.7,23.8,fire,Tiaret,1
2021-09-09,33,27,0.0,56,90.2,21.7,77.7,17.0,25.5,23.4,fire,Tiaret,1
2021-09-10,32,20,0.0,48,90.2,24.8,85.2,12.1,28.7,19.4,fire,Tiaret,1
2021-09-11,33,10,0.0,69,87.9,26.6,92.8,5.3,31.0,10.6,not fire,Tiaret,0
2021-09-12,35,16,0.0,36,92.3,30.7,100.8,13.2,34.9,22.7,fire,Tiaret,1
2021-09-13,35,6,0.0,29,93.8,35.3,108.8,9.9,39.0,19.5,fire,Tiaret,1
2021-09-14,37,50,0.0,27,94.7,40.3,117.2,102.4,43.3,91.6,fire,Tiaret,1
2021-09-15,34,39,0.0,36,93.9,44.3,125.0,53.0,47.0,64.2,fire,Tiaret,1
2021-09-16,36,39,0.1,73,83.5,38.8,133.2,12.2,44.9,24.3,fire,Tiaret,1
2021-09-17,32,28,0.0,85,83.5,39.7,140.7,7.1,46.5,16.6,not fire,Tiaret,0
2021-09-18,31,15,0.1,90,65.3,33.7,147.9,1.1,42.9,2.9,not fire,Tiaret,0
2021-09-19,32,15,0.0,62,84.3,35.9,155.4,4.1,45.5,10.7,not fire,Tiaret,0
2021-09-20,30,20,0.0,50,88.6,38.7,162.5,9.6,48.5,21.3,fire,Tiaret,1
2021-09-21,28,20,6.0,72,61.0,12.1,6.7,1.2,11.5,0.8,not fire,Tiaret,0
2021-09-22,35,28,1.4,68,75.2,6.8,8.0,3.2,6.5,2.5,not fire,Tiaret,0
2021-09-23,29,5,0.0,91,76.9,7.3,14.9,1.1,7.2,0.6,not fire,Tiaret,0
2021-09-24,39,27,0.0,29,94.3,12.4,23.7,30.2,12.3,25.5,fire,Tiaret,1
2021-09-25,36,26,0.0,44,92.8,16.1,31.8,23.6,16.0,23.9,fire,Tiaret,1
2021-09-26,34,19,0.0,70,87.9,18.0,39.7,8.3,17.9,11.5,not fire,Tiaret,0
2021-09-27,29,15,0.0,67,87.5,19.7,46.6,6.4,19.7,9.7,not fire,Tiaret,0
2021-09-28,32,15,0.0,38,91.3,23.4,54.0,11.0,23.3,16.3,fire,Tiaret,1
2021-09-29,33,13,0.0,37,91.9,27.2,61.7,10.8,27.2,17.4,fire,Tiaret,1
2021-09-30,32,14,0.0,53,90.6,30.0,69.2,9.4,29.9,16.4,fire,Tiaret,1
2012-06-01,29,18,0.0,57,65.7,3.4,7.6,1.3,3.4,0.5,not fire,Bejaia,0
2012-06-02,29,13,1.3,61,64.4,4.1,7.6,1.0,3.9,0.4,not fire,Bejaia,0
2012-06-03,26,22,13.1,82,47.1,2.5,7.1,0.3,2.7,0.1,not fire,Bejaia,0
2012-06-04,25,13,2.5,89,28.6,1.3,6.9,0.0,1.7,0.0,not fire,Bejaia,0
2012-06-05,27,16,0.0,77,64.8,3.0,14.2,1.2,3.9,0.5,not fire,Bejaia,0
2012-06-06,31,14,0.0,67,82.6,5.8,22.2,3.1,7.0,2.5,fire,Bejaia,1
2012-06-07,33,13,0.0,54,88.2,9.9,30.5,6.4,10.9,7.2,fire,Bejaia,1
2012-06-08,30,15,0.0,73,86.6,12.1,38.3,5.6,13.5,7.1,fire,Bejaia,1
2012-06-09,25,13,0.2,88,52.9,7.9,38.8,0.4,10.5,0.3,not fire,Bejaia,0
2012-06-10,28,12,0.0,79,73.2,9.5,46.3,1.3,12.6,0.9,not fire,Bejaia,0
2012-06-11,31,14,0.0,65,84.5,12.5,54.3,4.0,15.8,5.6,fire,Bejaia,1
2012-06-12,26,19,0.0,81,84.0,13.8,61.4,4.8,17.7,7.1,fire,Bejaia,1
2012-06-13,27,21,1.2,84,50.0,6.7,17.0,0.5,6.7,0.2,not fire,Bejaia,0
2012-06-14,30,20,0.5,78,59.0,4.6,7.8,1.0,4.4,0.4,not fire,Bejaia,0
2012-06-15,28,17,3.1,80,49.4,3.0,7.4,0.4,3.0,0.1,not fire,Bejaia,0
2012-06-16,29,13,0.7,89,36.1,1.7,7.6,0.0,2.2,0.0,not fire,Bejaia,0
2012-06-17,30,16,0.6,89,37.3,1.1,7.8,0.0,1.6,0.0,not fire,Bejaia,0
2012-06-18,31,14,0.3,78,56.9,1.9,8.0,0.7,2.4,0.2,not fire,Bejaia,0
2012-06-19,31,16,0.1,55,79.9,4.5,16.0,2.5,5.3,1.4,not fire,Bejaia,0
2012-06-20,30,16,0.4,80,59.8,3.4,27.1,0.9,5.1,0.4,not fire,Bejaia,0
2012-06-21,30,14,0.0,78,81.0,6.3,31.6,2.6,8.4,2.2,fire,Bejaia,1
2012-06-22,31,17,0.1,67,79.1,7.0,39.5,2.4,9.7,2.3,not fire,Bejaia,0
2012-06-23,32,18,0.1,62,81.4,8.2,47.7,3.3,11.5,3.8,fire,Bejaia,1
2012-06-24,32,17,0.0,66,85.9,11.2,55.8,5.6,14.9,7.5,fire,Bejaia,1
2012-06-25,31,15,0.0,64,86.7,14.2,63.8,5.7,18.3,8.4,fire,Bejaia,1
2012-06-26,31,18,0.0,64,86.8,17.8,71.8,6.7,21.6,10.6,fire,Bejaia,1
2012-06-27,34,18,0.0,53,89.0,21.6,80.3,9.2,25.8,15.0,fire,Bejaia,1
2012-06-28,32,14,0.0,55,89.1,25.5,88.5,7.6,29.7,13.9,fire,Bejaia,1
2012-06-29,32,13,0.3,47,79.9,18.4,84.4,2.2,23.8,3.9,not fire,Bejaia,0
2012-06-30,33,14,0.0,50,88.7,22.9,92.8,7.2,28.3,12.9,fire,Bejaia,1
2012-07-01,29,19,1.0,68,59.9,2.5,8.6,1.1,2.9,0.4,not fire,Bejaia,0
2012-07-02,27,19,1.2,75,55.7,2.4,8.3,0.8,2.8,0.3,not fire,Bejaia,0
2012-07-03,32,20,0.7,76,63.1,2.6,9.2,1.3,3.0,0.5,not fire,Bejaia,0
2012-07-04,33,17,0.0,78,80.1,4.6,18.5,2.7,5.7,1.7,not fire,Bejaia,0
2012-07-05,33,14,0.0,66,85.9,7.6,27.9,4.8,9.1,4.9,fire,Bejaia,1
2012-07-06,32,14,0.0,63,87.0,10.9,37.0,5.6,12.5,6.8,fire,Bejaia,1
2012-07-07,35,18,0.2,64,80.0,9.7,40.4,2.8,12.1,3.2,not fire,Bejaia,0
2012-07-08,33,19,0.0,68,85.6,12.5,49.8,6.0,15.4,8.0,fire,Bejaia,1
2012-07-09,32,14,1.4,68,66.6,7.7,9.2,1.1,7.4,0.6,not fire,Bejaia,0
2012-07-10,33,13,0.7,69,66.6,6.0,9.3,1.1,5.8,0.5,not fire,Bejaia,0
2012-07-11,33,14,0.0,76,81.1,8.1,18.7,2.6,8.1,2.2,not fire,Bejaia,0
2012-07-12,31,13,0.1,75,75.1,7.9,27.7,1.5,9.2,0.9,not fire,Bejaia,0
2012-07-13,34,15,0.0,81,81.8,9.7,37.2,3.0,11.7,3.4,not fire,Bejaia,0
2012-07-14,34,13,0.6,61,73.9,7.8,22.9,1.4,8.4,0.8,not fire,Bejaia,0
2012-07-15,30,19,0.4,80,60.7,5.2,17.0,1.1,5.9,0.5,not fire,Bejaia,0
2012-07-16,28,21,0.0,76,72.6,7.0,25.5,0.7,8.3,0.4,not fire,Bejaia,0
2012-07-17,29,14,0.0,70,82.8,9.4,34.1,3.2,11.1,3.6,fire,Bejaia,1
2012-07-18,31,14,0.0,68,85.4,12.1,43.1,4.6,14.2,6.0,fire,Bejaia,1
2012-07-19,35,17,0.0,59,88.1,12.0,52.8,7.7,18.2,10.9,fire,Bejaia,1
2012-07-20,33,15,0.1,65,81.4,12.3,62.1,2.8,16.5,4.0,fire,Bejaia,1
2012-07-21,33,17,0.0,70,85.4,18.5,71.5,5.2,22.4,8.8,fire,Bejaia,1
2012-07-22,28,18,0.1,79,73.4,16.4,79.9,1.8,21.7,2.8,not fire,Bejaia,0
2012-07-23,27,22,0.4,66,68.2,10.5,71.3,1.8,15.4,2.1,not fire,Bejaia,0
2012-07-24,28,16,0.1,78,70.0,9.6,79.7,1.4,14.7,1.3,not fire,Bejaia,0
2012-07-25,31,18,0.0,65,84.3,12.5,88.7,4.8,18.5,7.3,fire,Bejaia,1
2012-07-26,36,19,0.0,53,89.2,17.1,98.6,10.0,23.9,15.3,fire,Bejaia,1
2012-07-27,36,13,0.0,48,90.3,22.2,108.5,8.7,29.4,15.3,fire,Bejaia,1
2012-07-28,33,15,0.0,76,86.5,24.4,117.8,5.6,32.1,11.3,fire,Bejaia,1
2012-07-29,32,15,0.0,73,86.6,26.7,127.0,5.6,35.0,11.9,fire,Bejaia,1
2012-07-30,31,15,0.0,79,85.4,28.5,136.0,4.7,37.4,10.7,fire,Bejaia,1
2012-07-31,35,17,0.0,64,87.2,31.9,145.7,6.8,41.2,15.7,fire,Bejaia,1
2012-08-01,36,14,0.0,45,78.8,4.8,10.2,2.0,4.7,0.9,not fire,Bejaia,0
2012-08-02,35,12,0.4,55,78.0,5.8,10.0,1.7,5.5,0.8,not fire,Bejaia,0
2012-08-03,35,14,0.3,63,76.6,5.7,10.0,1.7,5.5,0.8,not fire,Bejaia,0
2012-08-04,34,13,0.0,69,85.0,8.2,19.8,4.0,8.2,3.9,fire,Bejaia,1
2012-08-05,34,13,0.0,65,86.8,11.1,29.7,5.2,11.5,6.1,fire,Bejaia,1
2012-08-06,32,14,0.0,75,86.4,13.0,39.1,5.2,14.2,6.8,fire,Bejaia,1
2012-08-07,32,16,0.0,69,86.5,15.5,48.6,5.5,17.2,8.0,fire,Bejaia,1
2012-08-08,32,18,0.3,60,77.1,11.3,47.0,2.2,14.1,2.6,not fire,Bejaia,0
2012-08-09,35,17,0.0,59,87.4,14.8,57.0,6.9,17.9,9.9,fire,Bejaia,1
2012-08-10,35,14,0.0,55,88.9,18.6,67.0,7.4,21.9,11.6,fire,Bejaia,1
2012-08-11,35,13,0.0,63,88.9,21.7,77.0,7.1,25.5,12.1,fire,Bejaia,1
2012-08-12,35,13,0.3,51,81.3,15.6,75.1,2.5,20.7,4.2,not fire,Bejaia,0
2012-08-13,35,15,0.0,63,87.0,19.0,85.1,5.9,24.4,10.2,fire,Bejaia,1
2012-08-14,33,14,0.0,66,87.0,21.7,94.7,5.7,27.2,10.6,fire,Bejaia,1
2012-08-15,36,13,0.3,55,82.4,15.6,92.5,3.7,22.0,6.3,fire,Bejaia,1
2012-08-16,36,18,0.3,61,80.2,11.7,90.4,2.8,17.6,4.2,fire,Bejaia,1
2012-08-17,37,18,0.0,52,89.3,16.0,100.7,9.7,22.9,14.6,fire,Bejaia,1
2012-08-18,36,18,0.0,54,89.4,20.0,110.9,9.7,27.5,16.1,fire,Bejaia,1
2012-08-19,35,19,0.0,62,89.4,23.2,120.9,9.7,31.3,17.2,fire,Bejaia,1
2012-08-20,35,19,0.0,68,88.3,25.9,130.6,8.8,34.7,16.8,fire,Bejaia,1
2012-08-21,36,19,0.0,58,88.6,29.6,141.1,9.2,38.8,18.4,fire,Bejaia,1
2012-08-22,36,18,0.0,55,89.1,33.5,151.3,9.9,43.1,20.4,fire,Bejaia,1
2012-08-23,36,16,0.0,53,89.5,37.6,161.5,10.4,47.5,22.3,fire,Bejaia,1
2012-08-24,34,14,0.0,64,88.9,40.5,171.3,9.0,50.9,20.9,fire,Bejaia,1
2012-08-25,35,15,0.0,60,88.9,43.9,181.3,8.2,54.7,20.3,fire,Bejaia,1
2012-08-26,31,18,0.0,78,85.8,45.6,190.6,4.7,57.1,13.7,fire,Bejaia,1
2012-08-27,33,21,0.0,82,84.9,47.0,200.2,4.4,59.3,13.2,fire,Bejaia,1
2012-08-28,34,16,0.0,64,89.4,50.2,210.4,7.3,62.9,19.9,fire,Bejaia,1
2012-08-29,35,18,0.0,48,90.1,54.2,220.4,12.5,67.4,30.2,fire,Bejaia,1
2012-08-30,35,17,0.8,70,72.7,25.2,180.4,1.7,37.4,4.2,not fire,Bejaia,0
2012-08-31,28,21,16.8,80,52.5,8.7,8.7,0.6,8.3,0.3,not fire,Bejaia,0
2012-09-01,25,17,7.2,76,46.0,1.3,7.5,0.2,1.8,0.1,not fire,Bejaia,0
2012-09-02,22,15,10.1,86,30.5,0.7,7.0,0.0,1.1,0.0,not fire,Bejaia,0
2012-09-03,25,15,3.8,78,42.6,1.2,7.5,0.1,1.7,0.0,not fire,Bejaia,0
2012-09-04,29,17,0.1,73,68.4,1.9,15.7,1.4,2.9,0.5,not fire,Bejaia,0
2012-09-05,29,16,0.0,75,80.8,3.4,24.0,2.8,5.1,1.7,fire,Bejaia,1
2012-09-06,29,19,0.1,74,75.8,3.6,32.2,2.1,5.6,0.9,not fire,Bejaia,0
2012-09-07,31,17,0.3,71,69.6,3.2,30.1,1.5,5.1,0.6,not fire,Bejaia,0
2012-09-08,30,17,0.9,73,62.0,2.6,8.4,1.1,3.0,0.4,not fire,Bejaia,0
2012-09-09,30,15,1.0,77,56.1,2.1,8.4,0.7,2.6,0.2,not fire,Bejaia,0
2012-09-10,33,12,1.8,73,59.9,2.2,8.9,0.7,2.7,0.3,not fire,Bejaia,0
2012-09-11,30,21,1.8,77,58.5,1.9,8.4,1.1,2.4,0.3,not fire,Bejaia,0
2012-09-12,29,13,0.0,88,71.0,2.6,16.6,1.2,3.7,0.5,not fire,Bejaia,0
2012-09-13,25,21,4.6,86,40.9,1.3,7.5,0.1,1.8,0.0,not fire,Bejaia,0
2012-09-14,22,26,8.3,76,47.4,1.1,7.0,0.4,1.6,0.1,not fire,Bejaia,0
2012-09-15,24,15,0.4,82,44.9,0.9,7.3,0.2,1.4,0.0,not fire,Bejaia,0
2012-09-16,30,14,0.0,65,78.1,3.2,15.7,1.9,4.2,0.8,not fire,Bejaia,0
2012-09-17,31,14,0.0,52,87.7,6.4,24.3,6.2,7.7,5.9,fire,Bejaia,1
2012-09-18,32,11,0.0,49,89.4,9.8,33.1,6.8,11.3,7.7,fire,Bejaia,1
2012-09-19,29,14,0.0,57,89.3,12.5,41.3,7.8,14.2,9.7,fire,Bejaia,1
2012-09-20,28,18,0.0,84,83.8,13.5,49.3,4.5,16.0,6.3,fire,Bejaia,1
2012-09-21,31,11,0.0,55,87.8,16.5,57.9,5.4,19.2,8.3,fire,Bejaia,1
2012-09-22,31,19,0.6,50,77.8,10.6,41.4,2.4,12.9,2.8,not fire,Bejaia,0
2012-09-23,32,11,0.5,54,73.7,7.9,30.4,1.2,9.6,0.7,not fire,Bejaia,0
2012-09-24,29,19,0.6,65,68.3,5.5,15.2,1.5,5.8,0.7,not fire,Bejaia,0
2012-09-25,26,21,5.8,81,48.6,3.0,7.7,0.4,3.0,0.1,not fire,Bejaia,0
2012-09-26,31,11,0.0,54,82.0,6.0,16.3,2.5,6.2,1.7,not fire,Bejaia,0
2012-09-27,31,11,0.0,66,85.7,8.3,24.9,4.0,9.0,4.1,fire,Bejaia,1
2012-09-28,32,14,0.7,47,77.5,7.1,8.8,1.8,6.8,0.9,not fire,Bejaia,0
2012-09-29,26,16,1.8,80,47.4,2.9,7.7,0.3,3.0,0.1,not fire,Bejaia,0
2012-09-30,25,14,1.4,78,45.0,1.9,7.5,0.2,2.4,0.1,not fire,Bejaia,0
2012-06-01,32,12,0.7,71,57.1,2.5,8.2,0.6,2.8,0.2,not fire,Sidi-Bel-Abass,0
2012-06-02,30,13,4.0,73,55.7,2.7,7.8,0.6,2.9,0.2,not fire,Sidi-Bel-Abass,0
2012-06-03,29,14,2.0,80,48.7,2.2,7.6,0.3,2.6,0.1,not fire,Sidi-Bel-Abass,0
2012-06-04,30,14,0.0,64,79.4,5.2,15.4,2.2,5.6,1.0,not fire,Sidi-Bel-Abass,0
2012-06-05,32,14,0.2,60,77.1,6.0,17.6,1.8,6.5,0.9,not fire,Sidi-Bel-Abass,0
2012-06-06,35,11,0.1,54,83.7,8.4,26.3,3.1,9.3,3.1,fire,Sidi-Bel-Abass,1
2012-06-07,35,17,0.2,44,85.6,9.9,28.9,5.4,10.7,6.0,fire,Sidi-Bel-Abass,1
2012-06-08,28,17,1.3,51,71.4,7.7,7.4,1.5,7.3,0.8,not fire,Sidi-Bel-Abass,0
2012-06-09,27,18,0.1,59,78.1,8.5,14.7,2.4,8.3,1.9,not fire,Sidi-Bel-Abass,0
2012-06-10,30,15,0.0,41,89.4,13.3,22.5,8.4,13.1,10.0,fire,Sidi-Bel-Abass,1
2012-06-11,31,21,0.0,42,90.6,18.2,30.5,13.4,18.0,16.7,fire,Sidi-Bel-Abass,1
2012-06-12,27,17,0.0,58,88.9,21.3,37.8,8.7,21.2,12.9,fire,Sidi-Bel-Abass,1
2012-06-13,30,15,2.0,52,72.3,11.4,7.8,1.4,10.9,0.9,not fire,Sidi-Bel-Abass,0
2012-06-14,27,16,0.7,79,53.4,6.4,7.3,0.5,6.1,0.3,not fire,Sidi-Bel-Abass,0
2012-06-15,28,15,0.0,90,66.8,7.2,14.7,1.2,7.1,0.6,not fire,Sidi-Bel-Abass,0
2012-06-16,29,15,0.4,87,47.4,4.2,8.0,0.2,4.1,0.1,not fire,Sidi-Bel-Abass,0
2012-06-17,31,17,4.7,69,62.2,3.9,8.0,1.1,3.8,0.4,not fire,Sidi-Bel-Abass,0
2012-06-18,33,10,8.7,62,65.5,4.6,8.3,0.9,4.4,0.4,not fire,Sidi-Bel-Abass,0
2012-06-19,32,14,4.5,67,64.6,4.4,8.2,1.0,4.2,0.4,not fire,Sidi-Bel-Abass,0
2012-06-20,31,14,0.2,72,60.2,3.8,8.0,0.8,3.7,0.3,not fire,Sidi-Bel-Abass,0
2012-06-21,32,14,0.0,55,86.2,8.3,18.4,5.0,8.2,4.9,fire,Sidi-Bel-Abass,1
2012-06-22,33,14,1.1,46,78.3,8.1,8.3,1.9,7.7,1.2,not fire,Sidi-Bel-Abass,0
2012-06-23,33,16,0.8,59,74.2,7.0,8.3,1.6,6.7,0.8,not fire,Sidi-Bel-Abass,0
2012-06-24,35,16,0.0,68,85.3,10.0,17.0,4.9,9.9,5.3,fire,Sidi-Bel-Abass,1
2012-06-25,34,16,0.0,70,86.0,12.8,25.6,5.4,12.7,6.7,fire,Sidi-Bel-Abass,1
2012-06-26,36,16,0.0,62,87.8,16.5,34.5,7.0,16.4,9.5,fire,Sidi-Bel-Abass,1
2012-06-27,36,15,0.0,55,89.1,20.9,43.3,8.0,20.8,12.0,fire,Sidi-Bel-Abass,1
2012-06-28,37,13,0.0,37,92.5,27.2,52.4,11.7,27.1,18.4,fire,Sidi-Bel-Abass,1
2012-06-29,37,13,0.6,36,86.2,17.9,36.7,4.8,17.8,7.2,fire,Sidi-Bel-Abass,1
2012-06-30,34,15,1.7,42,79.7,12.0,8.5,2.2,11.5,2.2,not fire,Sidi-Bel-Abass,0
2012-07-01,28,18,2.2,58,63.7,3.2,8.5,1.2,3.3,0.5,not fire,Sidi-Bel-Abass,0
2012-07-02,33,16,0.0,48,87.6,7.9,17.8,6.8,7.8,6.4,fire,Sidi-Bel-Abass,1
2012-07-03,34,17,0.1,56,84.7,9.7,27.3,4.7,10.3,5.2,fire,Sidi-Bel-Abass,1
2012-07-04,34,18,0.0,58,88.0,13.6,36.8,8.0,14.1,9.9,fire,Sidi-Bel-Abass,1
2012-07-05,34,18,0.0,45,90.5,18.7,46.4,11.3,18.7,15.0,fire,Sidi-Bel-Abass,1
2012-07-06,35,15,0.3,42,84.7,15.5,45.1,4.3,16.7,6.3,fire,Sidi-Bel-Abass,1
2012-07-07,38,13,0.5,43,85.0,13.0,35.4,4.1,13.7,5.2,fire,Sidi-Bel-Abass,1
2012-07-08,35,18,6.0,47,80.8,9.8,9.7,3.1,9.4,3.0,fire,Sidi-Bel-Abass,1
2012-07-09,36,15,1.9,43,82.3,9.4,9.9,3.2,9.0,3.1,fire,Sidi-Bel-Abass,1
2012-07-10,34,16,3.8,51,77.5,8.0,9.5,2.0,7.7,1.3,not fire,Sidi-Bel-Abass,0
2012-07-11,34,15,2.9,56,74.8,7.1,9.5,1.6,6.8,0.8,not fire,Sidi-Bel-Abass,0
2012-07-12,36,13,0.0,44,90.1,12.6,19.4,8.3,12.5,9.6,fire,Sidi-Bel-Abass,1
2012-07-13,39,13,0.6,45,85.2,11.3,10.4,4.2,10.9,4.7,fire,Sidi-Bel-Abass,1
2012-07-14,37,18,0.2,37,88.9,12.9,14.6,9.0,12.5,10.4,fire,Sidi-Bel-Abass,1
2012-07-15,34,17,0.0,45,90.5,18.0,24.1,10.9,17.7,14.1,fire,Sidi-Bel-Abass,1
2012-07-16,31,17,0.0,83,84.5,19.4,33.1,4.7,19.2,7.3,fire,Sidi-Bel-Abass,1
2012-07-17,32,17,0.0,81,84.6,21.1,42.3,4.7,20.9,7.7,fire,Sidi-Bel-Abass,1
2012-07-18,33,15,0.0,68,86.1,23.9,51.6,5.2,23.9,9.1,fire,Sidi-Bel-Abass,1
2012-07-19,34,16,0.0,58,88.1,27.8,61.1,7.3,27.7,13.0,fire,Sidi-Bel-Abass,1
2012-07-20,36,16,0.0,50,89.9,32.7,71.0,9.5,32.6,17.3,fire,Sidi-Bel-Abass,1
2012-07-21,36,18,0.0,29,93.9,39.6,80.6,18.5,39.5,30.0,fire,Sidi-Bel-Abass,1
2012-07-22,32,18,0.0,48,91.5,44.2,90.1,13.2,44.0,25.4,fire,Sidi-Bel-Abass,1
2012-07-23,31,17,0.0,71,87.3,46.6,99.0,6.9,46.5,16.3,fire,Sidi-Bel-Abass,1
2012-07-24,33,17,1.1,63,72.8,20.9,56.6,1.6,21.7,2.5,not fire,Sidi-Bel-Abass,0
2012-07-25,39,9,1.2,64,73.8,11.7,15.9,1.1,11.4,0.7,not fire,Sidi-Bel-Abass,0
2012-07-26,35,10,0.2,58,78.3,10.8,19.7,1.6,10.7,1.0,not fire,Sidi-Bel-Abass,0
2012-07-27,29,18,0.0,87,80.0,11.8,28.3,2.8,11.8,3.2,not fire,Sidi-Bel-Abass,0
2012-07-28,33,16,0.0,57,87.5,15.7,37.6,6.7,15.7,9.0,fire,Sidi-Bel-Abass,1
2012-07-29,34,16,0.0,59,88.1,19.5,47.2,7.4,19.5,10.9,fire,Sidi-Bel-Abass,1
2012-07-30,36,16,0.0,56,88.9,23.8,57.1,8.2,23.8,13.2,fire,Sidi-Bel-Abass,1
2012-07-31,37,15,0.0,55,89.3,28.3,67.2,8.3,28.3,14.5,fire,Sidi-Bel-Abass,1
2012-08-01,38,14,0.0,52,78.3,4.4,10.5,2.0,4.4,0.8,not fire,Sidi-Bel-Abass,0
2012-08-02,40,14,0.0,34,93.3,10.8,21.4,13.8,10.6,13.5,fire,Sidi-Bel-Abass,1
2012-08-03,39,17,0.0,33,93.7,17.1,32.1,17.2,16.9,19.5,fire,Sidi-Bel-Abass,1
2012-08-04,38,15,0.0,35,93.8,23.0,42.7,15.7,22.9,20.9,fire,Sidi-Bel-Abass,1
2012-08-05,34,17,0.1,42,88.3,23.6,52.5,19.0,23.5,12.6,fire,Sidi-Bel-Abass,1
2012-08-06,30,14,3.1,54,70.5,11.0,9.1,1.3,10.5,0.8,not fire,Sidi-Bel-Abass,0
2012-08-07,34,13,2.9,63,69.7,7.2,9.8,1.2,6.9,0.6,not fire,Sidi-Bel-Abass,0
2012-08-08,37,11,0.0,56,87.4,11.2,20.2,5.2,11.0,5.9,fire,Sidi-Bel-Abass,1
2012-08-09,39,12,0.0,43,91.7,16.5,30.9,9.6,16.4,12.7,fire,Sidi-Bel-Abass,1
2012-08-10,39,15,0.2,39,89.3,15.8,35.4,8.2,15.8,10.7,fire,Sidi-Bel-Abass,1
2012-08-11,40,15,0.0,31,94.2,22.5,46.3,16.6,22.4,21.6,fire,Sidi-Bel-Abass,1
2012-08-12,39,17,0.4,21,93.0,18.4,41.5,15.5,18.4,18.8,fire,Sidi-Bel-Abass,1
2012-08-13,35,16,0.2,34,88.3,16.9,45.1,7.5,17.5,10.5,fire,Sidi-Bel-Abass,1
2012-08-14,37,13,0.0,40,91.9,22.3,55.5,10.8,22.3,15.7,fire,Sidi-Bel-Abass,1
2012-08-15,35,13,0.3,46,83.9,16.9,54.2,3.5,19.0,5.5,fire,Sidi-Bel-Abass,1
2012-08-16,40,10,0.1,41,92.0,22.6,65.1,9.5,24.2,14.8,fire,Sidi-Bel-Abass,1
2012-08-17,42,9,0.0,24,96.0,30.3,76.4,15.7,30.4,24.0,fire,Sidi-Bel-Abass,1
2012-08-18,37,14,0.0,37,94.3,35.9,86.8,16.0,35.9,26.3,fire,Sidi-Bel-Abass,1
2012-08-19,35,15,0.1,66,82.7,32.7,96.8,3.3,35.5,7.7,fire,Sidi-Bel-Abass,1
2012-08-20,36,15,0.0,81,83.7,34.4,107.0,3.8,38.1,9.0,fire,Sidi-Bel-Abass,1
2012-08-21,36,15,0.0,71,86.0,36.9,117.1,5.1,41.3,12.2,fire,Sidi-Bel-Abass,1
2012-08-22,37,14,0.0,53,89.5,41.1,127.5,8.0,45.5,18.1,fire,Sidi-Bel-Abass,1
2012-08-23,36,16,0.0,43,91.2,46.1,137.7,11.5,50.2,24.5,fire,Sidi-Bel-Abass,1
2012-08-24,35,15,0.0,38,92.1,51.3,147.7,12.2,54.9,26.9,fire,Sidi-Bel-Abass,1
2012-08-25,34,18,0.0,40,92.1,56.3,157.5,14.3,59.5,31.1,fire,Sidi-Bel-Abass,1
2012-08-26,33,16,0.0,37,92.2,61.3,167.2,13.1,64.0,30.3,fire,Sidi-Bel-Abass,1
2012-08-27,36,14,0.0,54,91.0,65.9,177.3,10.0,68.0,26.1,fire,Sidi-Bel-Abass,1
2012-08-28,35,14,0.4,56,79.2,37.0,166.0,2.1,30.6,6.1,not fire,Sidi-Bel-Abass,0
2012-08-29,35,17,0.5,53,80.2,20.7,149.2,2.7,30.6,5.9,fire,Sidi-Bel-Abass,1
2012-08-30,34,15,0.0,49,89.2,24.8,159.1,8.1,35.7,16.0,fire,Sidi-Bel-Abass,1
2012-08-31,30,19,0.0,59,89.1,27.8,168.2,9.8,39.3,19.4,fire,Sidi-Bel-Abass,1
2012-09-01,29,16,0.0,86,37.9,0.9,8.2,0.1,1.4,0.0,not fire,Sidi-Bel-Abass,0
2012-09-02,28,19,0.0,67,75.4,2.9,16.3,2.0,4.0,0.8,not fire,Sidi-Bel-Abass,0
2012-09-03,28,16,0.0,75,82.2,4.4,24.3,3.3,6.0,2.5,fire,Sidi-Bel-Abass,1
2012-09-04,30,15,0.2,66,73.5,4.1,26.6,1.5,6.0,0.7,not fire,Sidi-Bel-Abass,0
2012-09-05,30,12,4.1,58,66.1,4.0,8.4,1.0,3.9,0.4,not fire,Sidi-Bel-Abass,0
2012-09-06,34,14,6.5,71,64.5,3.3,9.1,1.0,3.5,0.4,not fire,Sidi-Bel-Abass,0
2012-09-07,31,15,0.0,62,83.3,5.8,17.7,3.8,6.4,3.2,fire,Sidi-Bel-Abass,1
2012-09-08,30,14,0.0,88,82.5,6.6,26.1,3.0,8.1,2.7,fire,Sidi-Bel-Abass,1
2012-09-09,30,15,0.0,80,83.1,7.9,34.5,3.5,10.0,3.7,fire,Sidi-Bel-Abass,1
2012-09-10,29,15,1.1,74,59.5,4.7,8.2,0.8,4.6,0.3,not fire,Sidi-Bel-Abass,0
2012-09-11,30,14,0.0,73,79.2,6.5,16.6,2.1,6.6,1.2,not fire,Sidi-Bel-Abass,0
2012-09-12,31,14,0.0,72,84.2,8.3,25.2,3.8,9.1,3.9,fire,Sidi-Bel-Abass,1
2012-09-13,29,19,0.0,49,88.6,11.5,33.4,9.1,12.4,10.3,fire,Sidi-Bel-Abass,1
2012-09-14,28,15,0.0,81,84.6,12.6,41.5,4.3,14.3,5.7,fire,Sidi-Bel-Abass,1
2012-09-15,32,13,0.0,51,88.7,16.0,50.2,6.9,17.8,9.8,fire,Sidi-Bel-Abass,1
2012-09-16,33,13,0.0,26,93.9,21.2,59.2,14.2,22.4,19.3,fire,Sidi-Bel-Abass,1
2012-09-17,34,12,0.0,44,92.5,25.2,63.3,11.2,26.2,17.5,fire,Sidi-Bel-Abass,1
2012-09-18,36,13,0.1,33,90.6,25.8,77.8,9.0,28.2,15.4,fire,Sidi-Bel-Abass,1
2012-09-19,29,8,0.1,41,83.9,24.9,86.0,2.7,28.9,5.6,fire,Sidi-Bel-Abass,1
2012-09-20,34,13,0.2,58,79.5,18.7,88.0,2.1,24.4,3.8,not fire,Sidi-Bel-Abass,0
2012-09-21,35,17,0.0,34,92.2,23.6,97.3,13.8,29.4,21.6,fire,Sidi-Bel-Abass,1
2012-09-22,33,13,0.0,64,88.9,26.1,106.3,7.1,32.4,13.7,fire,Sidi-Bel-Abass,1
2012-09-23,35,14,0.0,56,89.0,29.4,115.6,7.5,36.0,15.2,fire,Sidi-Bel-Abass,1
2012-09-24,26,6,2.0,49,61.3,11.9,28.1,0.6,11.9,0.4,not fire,Sidi-Bel-Abass,0
2012-09-25,28,15,0.0,70,79.9,13.8,36.1,2.4,14.1,3.0,not fire,Sidi-Bel-Abass,0
2012-09-26,30,14,0.0,65,85.4,16.0,44.5,4.5,16.9,6.5,fire,Sidi-Bel-Abass,1
2012-09-27,28,15,4.4,87,41.1,6.5,8.0,0.1,6.2,0.0,not fire,Sidi-Bel-Abass,0
2012-09-28,27,29,0.5,87,45.9,3.5,7.9,0.4,3.4,0.2,not fire,Sidi-Bel-Abass,0
2012-09-29,24,18,0.1,54,79.7,4.3,15.2,1.7,5.1,0.7,not fire,Sidi-Bel-Abass,0
2012-09-30,24,15,0.2,64,67.3,3.8,16.5,1.2,4.8,0.5,not fire,Sidi-Bel-Abass,0
2021-06-01,33,12,0.5,55,75.5,6.5,9.3,1.4,6.2,0.7,not fire,Tizi-Ouzou,0
2021-06-02,28,13,0.7,73,58.2,4.6,8.4,0.7,4.5,0.3,not fire,Tizi-Ouzou,0
2021-06-03,31,13,2.8,76,54.8,3.6,9.0,0.5,3.6,0.2,not fire,Tizi-Ouzou,0
2021-06-04,31,8,0.3,55,69.7,5.1,9.0,0.9,4.9,0.4,not fire,Tizi-Ouzou,0
2021-06-05,32,9,1.2,67,62.3,4.7,9.2,0.7,4.6,0.3,not fire,Tizi-Ouzou,0
2021-06-06,24,10,0.8,90,29.8,2.3,7.7,0.0,2.7,0.0,not fire,Tizi-Ouzou,0
2021-06-07,26,13,0.0,88,52.8,3.2,15.8,0.4,4.2,0.2,not fire,Tizi-Ouzou,0
2021-06-08,29,11,0.0,56,81.3,6.7,24.4,2.3,7.9,1.7,not fire,Tizi-Ouzou,0
2021-06-09,32,13,0.0,42,90.0,11.7,33.6,8.2,12.5,9.6,not fire,Tizi-Ouzou,0
2021-06-10,32,14,0.0,33,92.4,17.6,42.8,12.2,17.5,15.4,fire,Tizi-Ouzou,1
2021-06-11,33,14,0.0,40,92.4,22.9,52.1,12.3,22.9,17.5,fire,Tizi-Ouzou,1
2021-06-12,33,13,0.0,36,92.5,28.7,61.4,11.7,28.6,18.9,fire,Tizi-Ouzou,1
2021-06-13,36,13,0.0,29,94.0,35.6,71.3,15.3,35.5,25.3,fire,Tizi-Ouzou,1
2021-06-14,36,14,0.0,30,94.1,42.5,81.2,15.4,42.3,27.7,fire,Tizi-Ouzou,1
2021-06-15,38,12,0.2,34,89.5,34.5,84.4,7.3,34.4,14.5,fire,Tizi-Ouzou,1
2021-06-16,34,9,0.1,38,87.7,34.3,93.9,4.8,35.9,10.7,not fire,Tizi-Ouzou,0
2021-06-17,31,16,0.6,62,71.9,17.2,75.6,1.5,22.0,2.3,not fire,Tizi-Ouzou,0
2021-06-18,38,24,3.0,77,71.3,8.5,10.2,2.2,8.2,1.7,not fire,Tizi-Ouzou,0
2021-06-19,33,15,0.9,37,81.2,9.1,9.3,2.8,8.7,2.5,not fire,Tizi-Ouzou,0
2021-06-20,28,15,0.1,75,73.8,8.6,17.8,1.5,8.5,0.9,not fire,Tizi-Ouzou,0
2021-06-21,29,14,0.0,60,84.2,11.5,25.9,3.8,11.4,4.4,not fire,Tizi-Ouzou,0
2021-06-22,29,15,0.0,50,87.8,15.0,34.0,6.6,15.0,8.7,not fire,Tizi-Ouzou,0
2021-06-23,28,17,0.0,73,86.3,17.1,42.4,5.9,17.1,8.5,not fire,Tizi-Ouzou,0
2021-06-24,29,15,0.0,53,87.6,20.4,50.5,6.5,20.4,10.0,not fire,Tizi-Ouzou,0
2021-06-25,31,15,0.0,82,84.7,22.0,59.5,3.4,22.8,6.0,not fire,Tizi-Ouzou,0
2021-06-26,35,10,1.7,62,70.9,11.4,9.7,1.1,10.9,0.7,not fire,Tizi-Ouzou,0
2021-06-27,32,16,0.0,76,82.0,13.5,18.9,3.2,13.2,4.0,not fire,Tizi-Ouzou,0
2021-06-28,33,14,0.0,52,88.5,17.8,28.2,7.0,17.6,9.9,not fire,Tizi-Ouzou,0
2021-06-29,32,14,0.0,41,90.8,22.9,37.4,9.8,22.7,14.7,fire,Tizi-Ouzou,1
2021-06-30,33,15,0.0,45,90.9,27.9,46.7,8.1,27.7,14.1,fire,Tizi-Ouzou,1
2021-07-01,34,13,0.0,66,86.7,8.8,24.8,5.1,9.3,5.3,not fire,Tizi-Ouzou,0
2021-07-02,38,13,0.0,39,92.2,14.4,35.4,11.2,14.4,13.2,fire,Tizi-Ouzou,1
2021-07-03,37,14,0.0,26,94.8,21.0,45.7,17.4,21.0,21.7,fire,Tizi-Ouzou,1
2021-07-04,37,15,0.0,25,95.1,27.7,56.1,18.6,27.6,25.8,fire,Tizi-Ouzou,1
2021-07-05,40,13,0.0,20,96.6,35.5,67.0,20.7,35.3,31.1,fire,Tizi-Ouzou,1
2021-07-06,38,15,0.0,21,96.7,42.7,77.5,23.1,42.5,36.4,fire,Tizi-Ouzou,1
2021-07-07,35,15,0.0,29,95.5,48.7,87.5,19.8,48.5,35.0,fire,Tizi-Ouzou,1
2021-07-08,30,15,0.0,67,88.2,51.1,96.7,7.1,51.0,17.5,fire,Tizi-Ouzou,1
2021-07-09,34,15,0.0,83,84.8,52.5,106.5,4.4,52.4,12.3,fire,Tizi-Ouzou,1
2021-07-10,38,13,0.0,57,88.9,56.5,117.0,7.0,56.4,18.3,fire,Tizi-Ouzou,1
2021-07-11,42,14,0.0,34,94.0,63.2,128.3,15.2,63.0,33.3,fire,Tizi-Ouzou,1
2021-07-12,41,16,0.0,19,97.0,71.2,139.3,25.3,71.0,48.9,fire,Tizi-Ouzou,1
2021-07-13,31,16,0.2,67,75.5,48.6,140.5,1.8,25.1,5.6,not fire,Tizi-Ouzou,0
2021-07-14,29,15,0.0,85,79.7,49.6,149.4,2.4,54.2,7.4,not fire,Tizi-Ouzou,0
2021-07-15,32,16,0.6,55,75.4,25.7,127.6,1.8,34.2,4.0,not fire,Tizi-Ouzou,0
2021-07-16,33,15,0.1,83,71.2,22.5,137.2,1.4,31.9,2.9,not fire,Tizi-Ouzou,0
2021-07-17,33,14,0.0,47,88.4,26.7,146.9,6.9,36.7,14.4,fire,Tizi-Ouzou,1
2021-07-18,34,14,0.0,38,91.1,31.8,159.7,11.1,42.2,22.0,fire,Tizi-Ouzou,1
2021-07-19,32,15,0.0,51,90.9,35.6,166.2,10.3,46.4,21.9,fire,Tizi-Ouzou,1
2021-07-20,34,14,0.0,50,91.9,40.7,176.0,11.3,51.6,24.7,fire,Tizi-Ouzou,1
2021-07-21,38,16,0.0,33,93.6,46.9,186.5,15.9,57.6,32.8,fire,Tizi-Ouzou,1
2021-07-22,40,19,0.0,23,95.4,13.1,25.5,23.8,13.0,22.0,fire,Tizi-Ouzou,1
2021-07-23,41,14,0.0,22,96.2,13.7,26.1,20.1,13.6,20.1,fire,Tizi-Ouzou,1
2021-07-24,42,13,0.0,23,96.1,13.8,26.3,19.4,13.7,19.5,fire,Tizi-Ouzou,1
2021-07-25,38,14,0.1,33,92.2,10.5,25.9,11.8,10.5,11.9,fire,Tizi-Ouzou,1
2021-07-26,32,13,1.1,48,76.2,52.7,243.4,1.6,68.4,6.0,not fire,Tizi-Ouzou,0
2021-07-27,32,14,1.9,67,66.1,20.9,132.8,1.1,30.0,2.0,not fire,Tizi-Ouzou,0
2021-07-28,41,12,0.0,39,91.9,26.9,143.9,10.3,36.7,19.5,fire,Tizi-Ouzou,1
2021-07-29,37,12,0.0,42,92.0,32.1,154.2,10.4,42.2,21.0,fire,Tizi-Ouzou,1
2021-07-30,39,14,0.0,40,92.4,37.8,165.0,12.2,48.0,25.1,fire,Tizi-Ouzou,1
2021-07-31,39,12,0.0,32,93.9,44.2,175.7,13.7,54.2,28.8,fire,Tizi-Ouzou,1
2021-08-01,32,14,0.0,60,87.3,8.7,23.8,5.9,9.1,6.1,not fire,Tizi-Ouzou,0
2021-08-02,33,14,0.0,67,87.4,11.1,32.7,6.0,12.0,7.0,not fire,Tizi-Ouzou,0
2021-08-03,30,14,0.1,86,69.6,9.2,41.1,1.2,11.8,0.8,not fire,Tizi-Ouzou,0
2021-08-04,30,15,0.0,88,76.3,10.0,49.5,1.8,13.3,1.8,not fire,Tizi-Ouzou,0
2021-08-05,32,15,0.0,82,81.4,11.2,58.3,2.8,15.2,3.8,not fire,Tizi-Ouzou,0
2021-08-06,36,13,0.0,39,91.5,15.9,67.8,10.2,20.1,14.8,fire,Tizi-Ouzou,1
2021-08-07,35,14,0.0,32,93.2,21.0,77.1,13.6,25.0,19.8,fire,Tizi-Ouzou,1
2021-08-08,33,14,0.0,48,91.6,24.6,86.0,11.0,28.7,18.0,fire,Tizi-Ouzou,1
2021-08-09,37,10,0.0,69,88.6,27.1,95.7,5.8,31.7,11.6,not fire,Tizi-Ouzou,0
2021-08-10,42,27,0.0,19,97.1,13.2,25.2,44.9,12.5,31.3,fire,Tizi-Ouzou,1
2021-08-11,42,17,0.0,21,96.6,13.0,25.5,27.3,12.9,29.5,fire,Tizi-Ouzou,1
2021-08-12,42,15,0.0,15,98.0,20.6,36.1,27.6,20.4,35.0,fire,Tizi-Ouzou,1
2021-08-13,41,16,0.0,16,98.1,27.9,46.5,10.0,27.7,35.0,fire,Tizi-Ouzou,1
2021-08-14,43,19,0.0,19,97.2,13.4,25.7,30.4,13.2,26.4,fire,Tizi-Ouzou,1
2021-08-15,41,17,0.0,20,96.6,13.0,25.4,25.3,12.8,22.9,fire,Tizi-Ouzou,1
2021-08-16,37,15,0.0,22,95.3,12.1,24.7,5.6,78.1,18.4,fire,Tizi-Ouzou,1
2021-08-17,32,15,0.0,77,86.5,78.2,177.3,4.3,79.5,15.3,fire,Tizi-Ouzou,1
2021-08-18,34,14,0.0,82,85.0,79.5,186.4,6.5,82.5,21.3,fire,Tizi-Ouzou,1
2021-08-19,36,14,0.0,60,88.0,82.6,195.9,4.7,75.9,16.0,fire,Tizi-Ouzou,1
2021-08-20,35,14,0.1,52,85.7,70.6,205.2,11.8,80.5,31.6,fire,Tizi-Ouzou,1
2021-08-21,39,14,0.0,40,92.2,75.6,215.2,23.3,86.1,31.6,fire,Tizi-Ouzou,1
2021-08-22,40,16,0.0,21,96.2,12.7,25.2,22.8,12.6,21.1,fire,Tizi-Ouzou,1
2021-08-23,38,10,0.1,21,94.0,73.2,235.3,12.5,82.4,33.2,fire,Tizi-Ouzou,1
2021-08-24,35,10,0.0,53,91.2,76.7,244.6,8.4,86.0,26.0,fire,Tizi-Ouzou,1
2021-08-25,33,14,0.8,51,77.2,37.5,200.6,1.8,51.1,5.5,not fire,Tizi-Ouzou,0
2021-08-26,36,15,0.3,61,78.8,23.5,194.0,2.1,36.1,5.2,not fire,Tizi-Ouzou,0
2021-08-27,39,16,0.0,56,88.9,27.2,204.0,8.2,40.8,17.4,not fire,Tizi-Ouzou,0
2021-08-28,38,16,0.1,29,92.6,28.1,213.9,13.8,42.3,25.7,fire,Tizi-Ouzou,1
2021-08-29,36,17,0.0,66,89.0,30.7,223.3,8.7,45.7,19.2,fire,Tizi-Ouzou,1
2021-08-30,34,13,0.1,60,83.0,28.3,232.5,3.1,43.4,8.3,not fire,Tizi-Ouzou,0
2021-08-31,37,14,0.9,66,74.6,13.2,184.2,1.5,22.4,2.4,not fire,Tizi-Ouzou,0
2021-09-01,40,16,3.1,70,75.7,4.3,8.9,1.8,4.2,0.7,not fire,Tizi-Ouzou,0
2021-09-02,35,16,0.4,78,67.0,3.0,8.0,1.3,3.1,0.5,not fire,Tizi-Ouzou,0
2021-09-03,34,15,0.7,92,38.6,1.4,7.8,0.1,1.9,0.0,not fire,Tizi-Ouzou,0
2021-09-04,36,14,0.4,90,42.9,0.7,8.2,0.1,1.9,0.0,not fire,Tizi-Ouzou,0
2021-09-05,38,14,0.0,67,86.8,8.2,23.5,5.5,7.8,5.5,not fire,Tizi-Ouzou,0
2021-09-06,39,17,0.0,35,93.0,7.6,25.5,15.5,8.7,13.6,fire,Tizi-Ouzou,1
2021-09-07,39,11,0.0,31,94.1,12.5,34.2,13.4,13.1,14.4,fire,Tizi-Ouzou,1
2021-09-08,38,14,0.0,39,94.0,16.8,42.7,15.3,16.9,17.9,fire,Tizi-Ouzou,1
2021-09-09,34,16,0.0,70,88.0,18.6,50.5,7.2,19.4,10.7,not fire,Tizi-Ouzou,0
2021-09-10,33,17,0.0,74,86.8,20.2,58.2,6.4,21.6,10.2,not fire,Tizi-Ouzou,0
2021-09-11,33,17,0.0,71,86.9,22.0,65.8,6.4,24.0,10.9,not fire,Tizi-Ouzou,0
2021-09-12,37,16,0.0,48,90.4,25.5,75.1,10.1,27.4,16.5,fire,Tizi-Ouzou,1
2021-09-13,39,17,0.0,37,92.9,30.0,82.9,15.3,31.5,23.9,fire,Tizi-Ouzou,1
2021-09-14,41,16,0.0,30,94.7,35.2,92.0,18.6,36.0,29.2,fire,Tizi-Ouzou,1
2021-09-15,39,28,0.0,42,91.9,10.2,23.7,23.0,10.1,19.5,fire,Tizi-Ouzou,1
2021-09-16,38,8,0.0,84,85.3,40.5,109.3,3.3,42.0,8.5,not fire,Tizi-Ouzou,0
2021-09-17,34,11,0.3,47,80.7,25.8,104.2,2.1,31.9,4.7,not fire,Tizi-Ouzou,0
2021-09-18,32,16,0.0,88,80.9,26.5,111.7,2.8,33.3,6.3,not fire,Tizi-Ouzou,0
2021-09-19,32,17,0.0,80,83.0,27.7,119.1,3.8,35.0,8.7,not fire,Tizi-Ouzou,0
2021-09-20,31,14,0.5,73,64.8,13.9,102.6,1.1,20.8,1.0,not fire,Tizi-Ouzou,0
2021-09-21,31,12,0.4,87,47.1,7.5,92.0,0.2,12.5,0.1,not fire,Tizi-Ouzou,0
2021-09-22,31,15,9.0,89,35.1,3.4,7.3,0.0,3.3,0.0,not fire,Tizi-Ouzou,0
2021-09-23,38,8,0.2,60,75.2,4.1,9.9,1.2,4.1,0.5,not fire,Tizi-Ouzou,0
2021-09-24,40,17,0.0,41,91.8,8.4,18.8,13.1,8.4,11.7,fire,Tizi-Ouzou,1
2021-09-25,36,14,0.0,55,90.8,11.4,27.0,9.8,11.4,10.6,fire,Tizi-Ouzou,1
2021-09-26,32,10,0.0,83,84.8,12.4,34.5,3.4,13.1,4.2,not fire,Tizi-Ouzou,0
2021-09-27,30,12,0.0,96,78.8,12.6,41.6,1.8,14.4,2.1,not fire,Tizi-Ouzou,0
2021-09-28,30,12,0.0,69,84.4,14.3,48.7,3.5,16.5,5.1,not fire,Tizi-Ouzou,0
2021-09-29,31,14,0.0,72,85.1,15.9,56.0,4.3,18.6,6.7,not fire,Tizi-Ouzou,0
2021-09-30,28,12,0.0,81,84.4,16.9,62.8,3.5,20.2,5.8,not fire,Tizi-Ouzou,0
